Timestamp,Actual,Chronos_Bolt_Tiny_Native_Lower_80,Chronos_Bolt_Tiny_Native_Upper_80,Chronos_Bolt_Tiny_Calibrated_Lower_80,Chronos_Bolt_Tiny_Calibrated_Upper_80,TimesFM_Native_Lower_80,TimesFM_Native_Upper_80,TimesFM_Calibrated_Lower_80,TimesFM_Calibrated_Upper_80
2023-08-12 00:00:00+00:00,29415.0,28674.759765625,30033.166015625,28811.673828125,29896.251953125,29490.95703125,29652.95703125,28949.890625,30194.0234375
2023-08-13 00:00:00+00:00,29284.0,28523.033203125,30028.208984375,28659.947265625,29891.294921875,29510.12890625,29665.017578125,28969.0625,30206.083984375
2023-08-14 00:00:00+00:00,29408.0,28263.12890625,29601.939453125,28400.04296875,29465.025390625,29433.435546875,29584.99609375,28892.369140625,30126.0625
2023-08-15 00:00:00+00:00,29172.0,28254.935546875,29454.92578125,28391.849609375,29318.01171875,29440.28515625,29592.041015625,28899.21875,30133.107421875
2023-08-16 00:00:00+00:00,28701.0,28076.751953125,29205.41796875,28213.666015625,29068.50390625,29322.123046875,29487.287109375,28781.056640625,30028.353515625
2023-08-17 00:00:00+00:00,26642.0,27675.591796875,28755.361328125,27812.505859375,28618.447265625,28936.939453125,29190.9453125,28395.873046875,29732.01171875
2023-08-18 00:00:00+00:00,26051.0,25911.3671875,27102.373046875,26048.28125,26965.458984375,27126.80859375,27977.63671875,26585.7421875,28518.703125
2023-08-19 00:00:00+00:00,26097.0,25523.244140625,26600.0,25660.158203125,26463.0859375,26146.6953125,26680.677734375,25605.62890625,27221.744140625
2023-08-20 00:00:00+00:00,26192.0,25543.185546875,26626.375,25680.099609375,26489.4609375,26139.953125,26429.4140625,25598.88671875,26970.48046875
2023-08-21 00:00:00+00:00,26125.0,25561.337890625,26697.556640625,25698.251953125,26560.642578125,26186.013671875,26406.783203125,25644.947265625,26947.849609375
2023-08-22 00:00:00+00:00,26042.0,25589.0703125,26626.87890625,25725.984375,26489.96484375,26115.599609375,26246.662109375,25574.533203125,26787.728515625
2023-08-23 00:00:00+00:00,26431.0,25604.2421875,26584.70703125,25741.15625,26447.79296875,26051.435546875,26162.845703125,25510.369140625,26703.912109375
2023-08-24 00:00:00+00:00,26168.0,25803.357421875,26766.640625,25940.271484375,26629.7265625,26395.67578125,26655.388671875,25854.609375,27196.455078125
2023-08-25 00:00:00+00:00,26048.0,25725.390625,26614.462890625,25862.3046875,26477.548828125,26233.265625,26403.08203125,25692.19921875,26944.1484375
2023-08-26 00:00:00+00:00,26008.0,25751.0625,26618.00390625,25887.9765625,26481.08984375,26105.9296875,26274.953125,25564.86328125,26816.01953125
2023-08-27 00:00:00+00:00,26090.0,25696.236328125,26527.68359375,25833.150390625,26390.76953125,26052.955078125,26175.595703125,25511.888671875,26716.662109375
2023-08-28 00:00:00+00:00,26103.0,25720.767578125,26510.4609375,25857.681640625,26373.546875,26118.2265625,26213.43359375,25577.16015625,26754.5
2023-08-29 00:00:00+00:00,27726.0,25779.453125,26575.318359375,25916.3671875,26438.404296875,26144.005859375,26248.86328125,25602.939453125,26789.9296875
2023-08-30 00:00:00+00:00,27300.0,26543.392578125,28044.158203125,26680.306640625,27907.244140625,27448.896484375,28067.966796875,26907.830078125,28609.033203125
2023-08-31 00:00:00+00:00,25932.0,26499.076171875,27788.583984375,26635.990234375,27651.669921875,27276.75,27775.71484375,26735.68359375,28316.78125
2023-09-01 00:00:00+00:00,25798.0,25799.4765625,26968.5859375,25936.390625,26831.671875,26305.361328125,26622.6484375,25764.294921875,27163.71484375
2023-09-02 00:00:00+00:00,25870.0,25747.8359375,26817.3984375,25884.75,26680.484375,26114.009765625,26343.015625,25572.943359375,26884.08203125
2023-09-03 00:00:00+00:00,25970.0,25593.740234375,26787.142578125,25730.654296875,26650.228515625,26069.2421875,26243.48046875,25528.17578125,26784.546875
2023-09-04 00:00:00+00:00,25819.0,25578.85546875,26746.642578125,25715.76953125,26609.728515625,26102.96484375,26240.54296875,25561.8984375,26781.609375
2023-09-05 00:00:00+00:00,25783.0,25460.251953125,26647.55859375,25597.166015625,26510.64453125,25979.08984375,26074.6640625,25438.0234375,26615.73046875
2023-09-06 00:00:00+00:00,25748.0,25357.33203125,26626.833984375,25494.24609375,26489.919921875,25942.015625,26012.16796875,25400.94921875,26553.234375
2023-09-07 00:00:00+00:00,26245.0,25328.5078125,26573.322265625,25465.421875,26436.408203125,25910.037109375,25953.015625,25368.970703125,26494.08203125
2023-09-08 00:00:00+00:00,25908.0,25471.12890625,26725.779296875,25608.04296875,26588.865234375,26205.8359375,26372.8203125,25664.76953125,26913.88671875
2023-09-09 00:00:00+00:00,25899.0,25359.888671875,26516.748046875,25496.802734375,26379.833984375,26019.013671875,26142.90234375,25477.947265625,26683.96875
2023-09-10 00:00:00+00:00,25836.0,25417.548828125,26552.08203125,25554.462890625,26415.16796875,25968.00390625,26021.15625,25426.9375,26562.22265625
2023-09-11 00:00:00+00:00,25155.0,25396.8671875,26445.7109375,25533.78125,26308.796875,25936.14453125,25967.28515625,25395.078125,26508.3515625
2023-09-12 00:00:00+00:00,25844.0,25018.681640625,26082.390625,25155.595703125,25945.4765625,25571.853515625,25724.486328125,25030.787109375,26265.552734375
2023-09-13 00:00:00+00:00,26226.0,25345.814453125,26331.8828125,25482.728515625,26194.96875,25788.53125,25956.28125,25247.46484375,26497.34765625
2023-09-14 00:00:00+00:00,26529.0,25491.9921875,26458.759765625,25628.90625,26321.845703125,25980.419921875,26221.841796875,25439.353515625,26762.908203125
2023-09-15 00:00:00+00:00,26607.0,25607.412109375,26708.8671875,25744.326171875,26571.953125,26223.86328125,26549.044921875,25682.796875,27090.111328125
2023-09-16 00:00:00+00:00,26571.0,25712.794921875,26793.986328125,25849.708984375,26657.072265625,26445.19140625,26805.49609375,25904.125,27346.5625
2023-09-17 00:00:00+00:00,26535.0,25669.7421875,26821.6328125,25806.65625,26684.71875,26498.896484375,26833.71875,25957.830078125,27374.78515625
2023-09-18 00:00:00+00:00,26770.0,25675.79296875,26901.935546875,25812.70703125,26765.021484375,26565.990234375,26841.693359375,26024.923828125,27382.759765625
2023-09-19 00:00:00+00:00,27214.0,25985.78125,27574.787109375,26122.6953125,27437.873046875,26694.8828125,26991.658203125,26153.81640625,27532.724609375
2023-09-20 00:00:00+00:00,27128.0,26417.1015625,28093.25390625,26554.015625,27956.33984375,27077.294921875,27453.552734375,26536.228515625,27994.619140625
2023-09-21 00:00:00+00:00,26563.0,26347.435546875,28007.587890625,26484.349609375,27870.673828125,27024.841796875,27401.498046875,26483.775390625,27942.564453125
2023-09-22 00:00:00+00:00,26581.0,26132.552734375,27912.755859375,26269.466796875,27775.841796875,26592.58984375,26965.484375,26051.5234375,27506.55078125
2023-09-23 00:00:00+00:00,26583.0,26553.494140625,28357.216796875,26690.408203125,28220.302734375,26568.958984375,26891.34765625,26027.892578125,27432.4140625
2023-09-24 00:00:00+00:00,26248.0,26789.728515625,28769.673828125,26926.642578125,28632.759765625,26533.7109375,26877.439453125,25992.64453125,27418.505859375
2023-09-25 00:00:00+00:00,26297.0,25757.994140625,28064.24609375,25894.908203125,27927.33203125,26270.466796875,26593.2265625,25729.400390625,27134.29296875
2023-09-26 00:00:00+00:00,26208.0,25392.111328125,27606.51171875,25529.025390625,27469.59765625,26271.4140625,26563.3984375,25730.34765625,27104.46484375
2023-09-27 00:00:00+00:00,26361.0,25424.38671875,27159.76953125,25561.30078125,27022.85546875,26199.265625,26495.7421875,25658.19921875,27036.80859375
2023-09-28 00:00:00+00:00,27026.0,25401.505859375,27222.6796875,25538.419921875,27085.765625,26316.4375,26601.921875,25775.37109375,27142.98828125
2023-09-29 00:00:00+00:00,26911.0,26125.27734375,28129.595703125,26262.19140625,27992.681640625,26785.359375,27191.23828125,26244.29296875,27732.3046875
2023-09-30 00:00:00+00:00,26966.0,25824.541015625,27708.169921875,25961.455078125,27571.255859375,26708.306640625,27106.345703125,26167.240234375,27647.412109375
2023-10-01 00:00:00+00:00,27995.0,25831.490234375,27707.65625,25968.404296875,27570.7421875,26801.09765625,27146.04296875,26260.03125,27687.109375
2023-10-02 00:00:00+00:00,27507.0,27277.482421875,29186.9140625,27414.396484375,29050.0,27465.748046875,28068.7890625,26924.681640625,28609.85546875
2023-10-03 00:00:00+00:00,27435.0,26771.5,28502.89453125,26908.4140625,28365.98046875,27167.01171875,27667.650390625,26625.9453125,28208.716796875
2023-10-04 00:00:00+00:00,27790.0,26762.0859375,28340.333984375,26899.0,28203.419921875,27137.607421875,27581.96875,26596.541015625,28123.03515625
2023-10-05 00:00:00+00:00,27417.0,27334.2734375,28725.408203125,27471.1875,28588.494140625,27372.9296875,27858.013671875,26831.86328125,28399.080078125
2023-10-06 00:00:00+00:00,27948.0,26923.166015625,28286.830078125,27060.080078125,28149.916015625,27230.625,27629.279296875,26689.55859375,28170.345703125
2023-10-07 00:00:00+00:00,27971.0,27381.0546875,28696.068359375,27517.96875,28559.154296875,27520.5,27971.0234375,26979.43359375,28512.08984375
2023-10-08 00:00:00+00:00,27933.0,27317.2421875,28654.2265625,27454.15625,28517.3125,27659.248046875,28048.806640625,27118.181640625,28589.873046875
2023-10-09 00:00:00+00:00,27594.0,27309.9765625,28569.98828125,27446.890625,28433.07421875,27677.8203125,28059.322265625,27136.75390625,28600.388671875
2023-10-10 00:00:00+00:00,27395.0,26995.205078125,28219.291015625,27132.119140625,28082.376953125,27445.02734375,27805.78515625,26903.9609375,28346.8515625
2023-10-11 00:00:00+00:00,26874.0,26799.873046875,28088.28125,26936.787109375,27951.3671875,27285.49609375,27624.935546875,26744.4296875,28166.001953125
2023-10-12 00:00:00+00:00,26756.0,26095.625,27487.359375,26232.5390625,27350.4453125,26892.05859375,27217.369140625,26350.9921875,27758.435546875
2023-10-13 00:00:00+00:00,26867.0,25926.4375,27308.619140625,26063.3515625,27171.705078125,26757.189453125,27037.037109375,26216.123046875,27578.103515625
2023-10-14 00:00:00+00:00,26855.0,26176.626953125,27405.802734375,26313.541015625,27268.888671875,26823.822265625,27072.0703125,26282.755859375,27613.13671875
2023-10-15 00:00:00+00:00,27174.0,26155.556640625,27256.322265625,26292.470703125,27119.408203125,26796.318359375,27053.193359375,26255.251953125,27594.259765625
2023-10-16 00:00:00+00:00,28518.0,26606.634765625,27669.544921875,26743.548828125,27532.630859375,27045.212890625,27316.638671875,26504.146484375,27857.705078125
2023-10-17 00:00:00+00:00,28408.0,27799.736328125,29437.4765625,27936.650390625,29300.5625,28089.822265625,28762.513671875,27548.755859375,29303.580078125
2023-10-18 00:00:00+00:00,28328.0,27644.845703125,28803.17578125,27781.759765625,28666.26171875,28084.87890625,28477.115234375,27543.8125,29018.181640625
2023-10-19 00:00:00+00:00,28733.0,27771.587890625,28989.3203125,27908.501953125,28852.40625,28125.716796875,28538.552734375,27584.650390625,29079.619140625
2023-10-20 00:00:00+00:00,29688.0,28334.125,29701.130859375,28471.0390625,29564.216796875,28581.423828125,29012.724609375,28040.357421875,29553.791015625
2023-10-21 00:00:00+00:00,29927.0,29271.3984375,30811.94921875,29408.3125,30675.03515625,29371.353515625,29920.64453125,28830.287109375,30461.7109375
2023-10-22 00:00:00+00:00,30002.0,29456.751953125,30866.234375,29593.666015625,30729.3203125,29717.599609375,30263.724609375,29176.533203125,30804.791015625
2023-10-23 00:00:00+00:00,33074.0,29517.15625,30767.05859375,29654.0703125,30630.14453125,29842.30859375,30321.1640625,29301.2421875,30862.23046875
2023-10-24 00:00:00+00:00,33917.0,31238.8828125,35572.68359375,31375.796875,35435.76953125,31634.171875,33090.36328125,31093.10546875,33631.4296875
2023-10-25 00:00:00+00:00,34498.0,32310.466796875,37417.3984375,32447.380859375,37280.484375,33043.796875,34221.9765625,32502.73046875,34763.04296875
2023-10-26 00:00:00+00:00,34165.0,33541.51953125,38353.5234375,33678.43359375,38216.609375,33827.54296875,34589.38671875,33286.4765625,35130.453125
2023-10-27 00:00:00+00:00,33906.0,33162.75390625,37593.734375,33299.66796875,37456.8203125,33738.69140625,34348.29296875,33197.625,34889.359375
2023-10-28 00:00:00+00:00,34091.0,33020.58984375,36610.26953125,33157.50390625,36473.35546875,33607.55078125,34244.078125,33066.484375,34785.14453125
2023-10-29 00:00:00+00:00,34538.0,33575.109375,36631.42578125,33712.0234375,36494.51171875,33885.8671875,34254.21484375,33344.80078125,34795.28125
2023-10-30 00:00:00+00:00,34495.0,34222.38671875,36866.8515625,34359.30078125,36729.9375,34262.64453125,34714.4609375,33721.578125,35255.52734375
2023-10-31 00:00:00+00:00,34661.0,33794.61328125,36173.63671875,33931.52734375,36036.72265625,34311.00390625,34706.1796875,33769.9375,35247.24609375
2023-11-01 00:00:00+00:00,35440.0,33985.35546875,36096.13671875,34122.26953125,35959.22265625,34469.31640625,34832.296875,33928.25,35373.36328125
2023-11-02 00:00:00+00:00,34937.0,35027.2890625,37332.296875,35164.203125,37195.3828125,35043.83203125,35560.37890625,34502.765625,36101.4453125
2023-11-03 00:00:00+00:00,34727.0,34000.875,36106.6953125,34137.7890625,35969.78125,34678.421875,35365.2734375,34137.35546875,35906.33984375
2023-11-04 00:00:00+00:00,35086.0,33679.37890625,35840.55078125,33816.29296875,35703.63671875,34613.33203125,35240.8984375,34072.265625,35781.96484375
2023-11-05 00:00:00+00:00,35045.0,34418.09765625,36530.8515625,34555.01171875,36393.9375,34850.77734375,35483.890625,34309.7109375,36024.95703125
2023-11-06 00:00:00+00:00,35042.0,34215.31640625,36263.37109375,34352.23046875,36126.45703125,34918.62109375,35574.30078125,34377.5546875,36115.3671875
2023-11-07 00:00:00+00:00,35414.0,34285.796875,36264.61328125,34422.7109375,36127.69921875,34962.4296875,35557.5390625,34421.36328125,36098.60546875
2023-11-08 00:00:00+00:00,35640.0,35071.84765625,36971.42578125,35208.76171875,36834.51171875,35249.859375,35818.5,34708.79296875,36359.56640625
2023-11-09 00:00:00+00:00,36693.0,35268.875,37227.59765625,35405.7890625,37090.68359375,35398.3671875,36032.140625,34857.30078125,36573.20703125
2023-11-10 00:00:00+00:00,37319.0,36141.7734375,38444.7734375,36278.6875,38307.859375,36209.125,37084.6015625,35668.05859375,37625.66796875
2023-11-11 00:00:00+00:00,37152.0,36575.3671875,39045.13671875,36712.28125,38908.22265625,36869.875,37864.0625,36328.80859375,38405.12890625
2023-11-12 00:00:00+00:00,37086.0,36421.61328125,38847.734375,36558.52734375,38710.8203125,36909.171875,37672.546875,36368.10546875,38213.61328125
2023-11-13 00:00:00+00:00,36485.0,36260.89453125,38660.3984375,36397.80859375,38523.484375,36848.359375,37679.2421875,36307.29296875,38220.30859375
2023-11-14 00:00:00+00:00,35564.0,35503.11328125,37768.046875,35640.02734375,37631.1328125,36254.45703125,37199.2109375,35713.390625,37740.27734375
2023-11-15 00:00:00+00:00,37877.0,34315.3046875,36700.53515625,34452.21875,36563.62109375,35358.96484375,36349.90234375,34817.8984375,36890.96875
2023-11-16 00:00:00+00:00,36165.0,36981.12890625,39459.05078125,37118.04296875,39322.13671875,37407.62890625,38552.90625,36866.5625,39093.97265625
2023-11-17 00:00:00+00:00,36625.0,35566.671875,37787.7421875,35703.5859375,37650.828125,36130.3359375,37313.9453125,35589.26953125,37855.01171875
2023-11-18 00:00:00+00:00,36590.0,35787.0078125,38044.03125,35923.921875,37907.1171875,36503.890625,37402.22265625,35962.82421875,37943.2890625
2023-11-19 00:00:00+00:00,37426.0,35699.1328125,38026.16796875,35836.046875,37889.25390625,36592.54296875,37469.9296875,36051.4765625,38010.99609375
2023-11-20 00:00:00+00:00,37480.0,36471.5625,38997.90625,36608.4765625,38860.9921875,37235.1875,38100.78125,36694.12109375,38641.84765625
2023-11-21 00:00:00+00:00,35758.0,36797.27734375,39283.49609375,36934.19140625,39146.58203125,37468.52734375,38312.47265625,36927.4609375,38853.5390625
2023-11-22 00:00:00+00:00,37424.0,34958.5703125,37442.078125,35095.484375,37305.1640625,36333.61328125,37230.33984375,35792.546875,37771.40625
2023-11-23 00:00:00+00:00,37301.0,36626.0,39080.14453125,36762.9140625,38943.23046875,37162.89453125,37894.59765625,36621.828125,38435.6640625
2023-11-24 00:00:00+00:00,37746.0,36720.609375,39021.4140625,36857.5234375,38884.5,37307.22265625,37916.8359375,36766.15625,38457.90234375
2023-11-25 00:00:00+00:00,37809.0,37095.1953125,39476.03515625,37232.109375,39339.12109375,37541.61328125,38098.79296875,37000.546875,38639.859375
2023-11-26 00:00:00+00:00,37460.0,37134.08984375,39534.84765625,37271.00390625,39397.93359375,37659.90625,38274.65234375,37118.83984375,38815.71875
2023-11-27 00:00:00+00:00,37240.0,36720.9453125,39098.0546875,36857.859375,38961.140625,37479.62109375,38067.91015625,36938.5546875,38608.9765625
2023-11-28 00:00:00+00:00,37839.0,36476.1640625,38837.26171875,36613.078125,38700.34765625,37331.171875,37921.9140625,36790.10546875,38462.98046875
2023-11-29 00:00:00+00:00,37863.0,37050.34375,39415.5625,37187.2578125,39278.6484375,37667.6484375,38194.75,37126.58203125,38735.81640625
2023-11-30 00:00:00+00:00,37719.0,37139.3671875,39490.99609375,37276.28125,39354.08203125,37764.76171875,38262.29296875,37223.6953125,38803.359375
2023-12-01 00:00:00+00:00,38707.0,37039.1875,39319.7421875,37176.1015625,39182.828125,37764.71875,38218.484375,37223.65234375,38759.55078125
2023-12-02 00:00:00+00:00,39474.0,37919.00390625,40492.1171875,38055.91796875,40355.203125,38342.9296875,38858.984375,37801.86328125,39400.05078125
2023-12-03 00:00:00+00:00,39989.0,38704.5703125,41665.14453125,38841.484375,41528.23046875,39135.85546875,39682.23046875,38594.7890625,40223.296875
2023-12-04 00:00:00+00:00,41985.0,39125.98046875,41943.65625,39262.89453125,41806.7421875,39741.6640625,40435.7265625,39200.59765625,40976.79296875
2023-12-05 00:00:00+00:00,44075.0,40958.06640625,44388.67578125,41094.98046875,44251.76171875,41363.72265625,42516.703125,40822.65625,43057.76953125
2023-12-06 00:00:00+00:00,43764.0,42632.33203125,46921.08984375,42769.24609375,46784.17578125,44152.16796875,45721.60546875,43611.1015625,46262.671875
2023-12-07 00:00:00+00:00,43291.0,42408.73828125,46309.4140625,42545.65234375,46172.5,43836.04296875,44827.92578125,43294.9765625,45368.9921875
2023-12-08 00:00:00+00:00,44193.0,41604.12890625,45083.23828125,41741.04296875,44946.32421875,43620.84375,44419.84765625,43079.77734375,44960.9140625
2023-12-09 00:00:00+00:00,43712.0,42871.34765625,46448.3125,43008.26171875,46311.3984375,44530.578125,45304.23828125,43989.51171875,45845.3046875
2023-12-10 00:00:00+00:00,43786.0,42475.0078125,45410.47265625,42611.921875,45273.55859375,43664.1328125,44549.0234375,43123.06640625,45090.08984375
2023-12-11 00:00:00+00:00,41242.0,42212.9921875,45295.328125,42349.90625,45158.4140625,43692.3828125,44516.08203125,43151.31640625,45057.1484375
2023-12-12 00:00:00+00:00,41458.0,39123.171875,42586.37890625,39260.0859375,42449.46484375,40827.1796875,42278.43359375,40286.11328125,42819.5
2023-12-13 00:00:00+00:00,42888.0,39451.76953125,42748.46875,39588.68359375,42611.5546875,41041.04296875,42256.73828125,40499.9765625,42797.8046875
2023-12-14 00:00:00+00:00,43031.0,41273.1875,44650.671875,41410.1015625,44513.7578125,42581.05078125,43809.9296875,42039.984375,44350.99609375
2023-12-15 00:00:00+00:00,41925.0,41466.3828125,44837.40234375,41603.296875,44700.48828125,42787.6953125,44006.515625,42246.62890625,44547.58203125
2023-12-16 00:00:00+00:00,42246.0,40199.12109375,43589.3828125,40336.03515625,43452.46875,41685.2890625,42854.234375,41144.22265625,43395.30078125
2023-12-17 00:00:00+00:00,41345.0,40721.03125,44175.515625,40857.9453125,44038.6015625,42107.921875,43261.94140625,41566.85546875,43803.0078125
2023-12-18 00:00:00+00:00,42650.0,39133.45703125,42626.81640625,39270.37109375,42489.90234375,41177.37890625,42172.6171875,40636.3125,42713.68359375
2023-12-19 00:00:00+00:00,42258.0,40920.84375,44213.97265625,41057.7578125,44077.05859375,42426.49609375,43591.84765625,41885.4296875,44132.9140625
2023-12-20 00:00:00+00:00,43665.0,40822.73828125,43790.66796875,40959.65234375,43653.75390625,42009.23828125,42926.671875,41468.171875,43467.73828125
2023-12-21 00:00:00+00:00,43873.0,42399.7578125,45487.69140625,42536.671875,45350.77734375,42985.7578125,44079.9375,42444.69140625,44621.00390625
2023-12-22 00:00:00+00:00,44002.0,42389.78515625,45612.9609375,42526.69921875,45476.046875,43447.77734375,44214.1875,42906.7109375,44755.25390625
2023-12-23 00:00:00+00:00,43733.0,42385.93359375,45559.90625,42522.84765625,45422.9921875,43723.375,44392.0859375,43182.30859375,44933.15234375
2023-12-24 00:00:00+00:00,43033.0,42223.2265625,45256.65625,42360.140625,45119.7421875,43340.83203125,44229.09765625,42799.765625,44770.1640625
2023-12-25 00:00:00+00:00,43591.0,41715.140625,44621.12109375,41852.0546875,44484.20703125,42808.1953125,43602.87109375,42267.12890625,44143.9375
2023-12-26 00:00:00+00:00,42510.0,42838.3984375,45524.94921875,42975.3125,45388.03515625,43166.953125,44065.2421875,42625.88671875,44606.30859375
2023-12-27 00:00:00+00:00,43473.0,41559.609375,44267.12890625,41696.5234375,44130.21484375,42374.71484375,43123.82421875,41833.6484375,43664.890625
2023-12-28 00:00:00+00:00,42583.0,42267.63671875,45086.828125,42404.55078125,44949.9140625,42963.68359375,43485.4453125,42422.6171875,44026.51171875
2023-12-29 00:00:00+00:00,42072.0,41215.140625,44018.2890625,41352.0546875,43881.375,42204.68359375,42875.7734375,41663.6171875,43416.83984375
2023-12-30 00:00:00+00:00,42148.0,40518.98828125,43490.13671875,40655.90234375,43353.22265625,41791.8125,42642.5390625,41250.74609375,43183.60546875
2023-12-31 00:00:00+00:00,42258.0,40687.08984375,43592.359375,40824.00390625,43455.4453125,41909.27734375,42559.86328125,41368.2109375,43100.9296875
2024-01-01 00:00:00+00:00,44187.0,41066.62890625,43956.5078125,41203.54296875,43819.59375,42083.578125,42814.53125,41542.51171875,43355.59765625
2024-01-02 00:00:00+00:00,44970.0,42796.4921875,46133.171875,42933.40625,45996.2578125,43336.3828125,44269.3984375,42795.31640625,44810.46484375
2024-01-03 00:00:00+00:00,42865.0,43253.60546875,46736.9765625,43390.51953125,46600.0625,44319.96484375,45173.40625,43778.8984375,45714.47265625
2024-01-04 00:00:00+00:00,44186.0,41703.96875,44832.04296875,41840.8828125,44695.12890625,42521.97265625,43588.7421875,41980.90625,44129.80859375
2024-01-05 00:00:00+00:00,44184.0,43303.20703125,46173.9453125,43440.12109375,46037.03125,43615.3203125,44667.734375,43074.25390625,45208.80078125
2024-01-06 00:00:00+00:00,43999.0,43361.4296875,46251.453125,43498.34375,46114.5390625,43592.48046875,44599.4296875,43051.4140625,45140.49609375
2024-01-07 00:00:00+00:00,43944.0,42955.953125,45871.078125,43092.8671875,45734.1640625,43792.3984375,44511.91796875,43251.33203125,45052.984375
2024-01-08 00:00:00+00:00,46995.0,43005.08984375,45819.8515625,43142.00390625,45682.9375,43856.5703125,44472.734375,43315.50390625,45013.80078125
2024-01-09 00:00:00+00:00,46124.0,45485.54296875,49284.53125,45622.45703125,49147.6171875,46107.44921875,47115.69140625,45566.3828125,47656.7578125
2024-01-10 00:00:00+00:00,46681.0,45170.984375,48415.046875,45307.8984375,48278.1328125,45709.8828125,46593.74609375,45168.81640625,47134.8125
2024-01-11 00:00:00+00:00,46360.0,45597.73046875,48775.734375,45734.64453125,48638.8203125,46360.95703125,47193.60546875,45819.890625,47734.671875
2024-01-12 00:00:00+00:00,42778.0,45459.85546875,48606.33203125,45596.76953125,48469.41796875,46001.984375,46908.0546875,45460.91796875,47449.12109375
2024-01-13 00:00:00+00:00,42843.0,42100.4765625,46018.41015625,42237.390625,45881.49609375,42943.17578125,44375.37890625,42402.109375,44916.4453125
2024-01-14 00:00:00+00:00,41715.0,42122.84375,45754.8671875,42259.7578125,45617.953125,42829.13671875,43903.06640625,42288.0703125,44444.1328125
2024-01-15 00:00:00+00:00,42493.0,40325.87890625,44271.859375,40462.79296875,44134.9453125,41749.9375,42668.984375,41208.87109375,43210.05078125
2024-01-16 00:00:00+00:00,43131.0,40847.359375,44626.875,40984.2734375,44489.9609375,42379.88671875,43325.140625,41838.8203125,43866.20703125
2024-01-17 00:00:00+00:00,42738.0,41609.2734375,45338.3984375,41746.1875,45201.484375,43125.2578125,44104.8203125,42584.19140625,44645.88671875
2024-01-18 00:00:00+00:00,41283.0,41223.84765625,44685.6953125,41360.76171875,44548.78125,42685.6484375,43673.359375,42144.58203125,44214.42578125
2024-01-19 00:00:00+00:00,41628.0,39522.69140625,43228.2265625,39659.60546875,43091.3125,41541.4921875,42651.23046875,41000.42578125,43192.296875
2024-01-20 00:00:00+00:00,41673.0,40099.734375,43509.6328125,40236.6484375,43372.71875,41765.02734375,42574.12890625,41223.9609375,43115.1953125
2024-01-21 00:00:00+00:00,41560.0,40227.73828125,43292.71875,40364.65234375,43155.8046875,41631.10546875,42469.171875,41090.0390625,43010.23828125
2024-01-22 00:00:00+00:00,39528.0,40236.54296875,43473.23828125,40373.45703125,43336.32421875,41653.453125,42377.0859375,41112.38671875,42918.15234375
2024-01-23 00:00:00+00:00,39868.0,37681.53515625,41904.58984375,37818.44921875,41767.67578125,39743.46875,40608.46484375,39202.40234375,41149.53125
2024-01-24 00:00:00+00:00,40074.0,38311.7890625,41886.80859375,38448.703125,41749.89453125,40037.0625,40839.0546875,39495.99609375,41380.12109375
2024-01-25 00:00:00+00:00,39916.0,38704.23828125,42353.81640625,38841.15234375,42216.90234375,40066.328125,40804.15625,39525.26171875,41345.22265625
2024-01-26 00:00:00+00:00,41818.0,38391.05859375,41900.890625,38527.97265625,41763.9765625,39923.0546875,40482.0625,39381.98828125,41023.12890625
2024-01-27 00:00:00+00:00,42124.0,40242.10546875,43924.51953125,40379.01953125,43787.60546875,41427.24609375,42075.51953125,40886.1796875,42616.5859375
2024-01-28 00:00:00+00:00,42026.0,41071.25,44817.6171875,41208.1640625,44680.703125,41903.12109375,42556.59765625,41362.0546875,43097.6640625
2024-01-29 00:00:00+00:00,43305.0,40724.828125,44476.52734375,40861.7421875,44339.61328125,41938.6328125,42517.61328125,41397.56640625,43058.6796875
2024-01-30 00:00:00+00:00,42946.0,41790.5,45486.671875,41927.4140625,45349.7578125,42906.3828125,43676.859375,42365.31640625,44217.92578125
2024-01-31 00:00:00+00:00,42558.0,41542.60546875,45060.078125,41679.51953125,44923.1640625,42824.51953125,43529.53515625,42283.453125,44070.6015625
2024-02-01 00:00:00+00:00,43071.0,41213.203125,44514.609375,41350.1171875,44377.6953125,42559.99609375,43176.71875,42018.9296875,43717.78515625
2024-02-02 00:00:00+00:00,43183.0,41947.6640625,45119.96484375,42084.578125,44983.05078125,42805.09375,43539.140625,42264.02734375,44080.20703125
2024-02-03 00:00:00+00:00,42994.0,42025.5234375,45217.75,42162.4375,45080.8359375,43019.28125,43604.234375,42478.21484375,44145.30078125
2024-02-04 00:00:00+00:00,42570.0,41603.21484375,44861.8828125,41740.12890625,44724.96875,43017.6015625,43442.796875,42476.53515625,43983.86328125
2024-02-05 00:00:00+00:00,42659.0,41356.890625,44537.71484375,41493.8046875,44400.80078125,42659.93359375,43170.89453125,42118.8671875,43711.9609375
2024-02-06 00:00:00+00:00,43092.0,41743.24609375,44651.93359375,41880.16015625,44515.01953125,42657.72265625,43203.84765625,42116.65625,43744.9140625
2024-02-07 00:00:00+00:00,44346.0,42294.91796875,45017.65625,42431.83203125,44880.7421875,43121.03515625,43608.32421875,42579.96875,44149.390625
2024-02-08 00:00:00+00:00,45300.0,43360.98046875,46280.75,43497.89453125,46143.8359375,44080.21875,44636.59765625,43539.15234375,45177.6640625
2024-02-09 00:00:00+00:00,47161.0,44344.76171875,47193.48046875,44481.67578125,47056.56640625,45031.29296875,45627.01953125,44490.2265625,46168.0859375
2024-02-10 00:00:00+00:00,47770.0,46009.61328125,49339.78515625,46146.52734375,49202.87109375,46615.1796875,47440.8671875,46074.11328125,47981.93359375
2024-02-11 00:00:00+00:00,48313.0,46841.296875,50335.91796875,46978.2109375,50199.00390625,47455.1171875,48295.7109375,46914.05078125,48836.77734375
2024-02-12 00:00:00+00:00,49937.0,47437.68359375,50719.5390625,47574.59765625,50582.625,48058.65625,49089.4921875,47517.58984375,49630.55859375
2024-02-13 00:00:00+00:00,49720.0,49180.53125,52904.6953125,49317.4453125,52767.78125,49967.6171875,50920.53125,49426.55078125,51461.59765625
2024-02-14 00:00:00+00:00,51844.0,48517.03125,51903.0546875,48653.9453125,51766.140625,49706.296875,50694.921875,49165.23046875,51235.98828125
2024-02-15 00:00:00+00:00,51942.0,50722.80078125,54398.71875,50859.71484375,54261.8046875,52025.921875,53114.0078125,51484.85546875,53655.07421875
2024-02-16 00:00:00+00:00,52161.0,50918.18359375,54476.4609375,51055.09765625,54339.546875,52098.4140625,52979.79296875,51557.34765625,53520.859375
2024-02-17 00:00:00+00:00,51664.0,50883.421875,54321.609375,51020.3359375,54184.6953125,52165.28125,53084.1171875,51624.21484375,53625.18359375
2024-02-18 00:00:00+00:00,52130.0,50348.65234375,53627.7578125,50485.56640625,53490.84375,51425.91015625,52335.94921875,50884.84375,52877.015625
2024-02-19 00:00:00+00:00,51789.0,50826.25390625,54113.92578125,50963.16796875,53977.01171875,51987.0859375,52946.46484375,51446.01953125,53487.53125
2024-02-20 00:00:00+00:00,52275.0,50085.96484375,53381.44140625,50222.87890625,53244.52734375,51461.1484375,52388.6953125,50920.08203125,52929.76171875
2024-02-21 00:00:00+00:00,51843.0,50884.375,54080.6796875,51021.2890625,53943.765625,52053.828125,52780.44140625,51512.76171875,53321.5078125
2024-02-22 00:00:00+00:00,51253.0,50402.92578125,53619.87890625,50539.83984375,53482.96484375,51535.21875,52350.66796875,50994.15234375,52891.734375
2024-02-23 00:00:00+00:00,50743.0,49567.48046875,52801.703125,49704.39453125,52664.7890625,50864.87109375,51805.46875,50323.8046875,52346.53515625
2024-02-24 00:00:00+00:00,51562.0,48893.10546875,52218.6875,49030.01953125,52081.7734375,50289.91796875,51325.0234375,49748.8515625,51866.08984375
2024-02-25 00:00:00+00:00,51722.0,50215.40625,53208.65625,50352.3203125,53071.7421875,51202.234375,52149.01953125,50661.16796875,52690.0859375
2024-02-26 00:00:00+00:00,54524.0,50327.140625,53410.56640625,50464.0546875,53273.65234375,51527.50390625,52481.6875,50986.4375,53022.75390625
2024-02-27 00:00:00+00:00,57068.0,53099.0546875,56530.6640625,53235.96875,56393.75,54102.98828125,55143.921875,53561.921875,55684.98828125
2024-02-28 00:00:00+00:00,62512.0,55038.08984375,59142.671875,55175.00390625,59005.7578125,56846.76953125,58121.9140625,56305.703125,58662.98046875
2024-02-29 00:00:00+00:00,61161.0,59615.36328125,67015.640625,59752.27734375,66878.7265625,63229.6796875,65804.1171875,62688.61328125,66345.18359375
2024-03-01 00:00:00+00:00,62444.0,58783.70703125,64230.67578125,58920.62109375,64093.76171875,60490.1796875,62227.546875,59949.11328125,62768.61328125
2024-03-02 00:00:00+00:00,62042.0,59902.9375,65261.3046875,60039.8515625,65124.390625,62474.40625,64036.890625,61933.33984375,64577.95703125
2024-03-03 00:00:00+00:00,63142.0,59860.765625,64985.1640625,59997.6796875,64848.25,61458.65625,62930.89453125,60917.58984375,63471.9609375
2024-03-04 00:00:00+00:00,68359.0,60953.84375,66191.0390625,61090.7578125,66054.125,62876.4296875,64235.796875,62335.36328125,64776.86328125
2024-03-05 00:00:00+00:00,63796.0,65480.4296875,74290.9375,65617.34375,74154.0234375,67325.671875,70134.5703125,66784.60546875,70675.63671875
2024-03-06 00:00:00+00:00,66120.0,61769.71875,67224.8203125,61906.6328125,67087.90625,62936.5,65533.3046875,62395.43359375,66074.37109375
2024-03-07 00:00:00+00:00,66941.0,63699.9609375,69405.078125,63836.875,69268.1640625,65083.5546875,67158.078125,64542.48828125,67699.14453125
2024-03-08 00:00:00+00:00,68285.0,64774.1640625,70884.15625,64911.078125,70747.2421875,65640.171875,68191.34375,65099.10546875,68732.41015625
2024-03-09 00:00:00+00:00,68463.0,65926.9296875,72389.203125,66063.84375,72252.2890625,67457.1796875,69468.15625,66916.11328125,70009.22265625
2024-03-10 00:00:00+00:00,69026.0,65833.234375,71863.8359375,65970.1484375,71726.921875,67732.7890625,69941.2734375,67191.72265625,70482.33984375
2024-03-11 00:00:00+00:00,72118.0,66225.953125,72000.171875,66362.8671875,71863.2578125,68465.671875,70731.125,67924.60546875,71272.19140625
2024-03-12 00:00:00+00:00,71473.0,69932.1171875,76609.03125,70069.03125,76472.1171875,71156.78125,74063.828125,70615.71484375,74604.89453125
2024-03-13 00:00:00+00:00,73121.0,69519.859375,75594.2109375,69656.7734375,75457.296875,71253.328125,74042.9296875,70712.26171875,74583.99609375
2024-03-14 00:00:00+00:00,71371.0,71655.46875,77848.6640625,71792.3828125,77711.75,72890.6640625,75405.40625,72349.59765625,75946.47265625
2024-03-15 00:00:00+00:00,69516.0,69890.9609375,75799.4609375,70027.875,75662.546875,71199.953125,74154.703125,70658.88671875,74695.76953125
2024-03-16 00:00:00+00:00,65248.0,66878.9375,73390.3125,67015.8515625,73253.3984375,69148.0546875,71541.28125,68606.98828125,72082.34765625
2024-03-17 00:00:00+00:00,68352.0,62029.609375,69131.453125,62166.5234375,68994.5390625,63804.3515625,67245.2421875,63263.28515625,67786.30859375
2024-03-18 00:00:00+00:00,67613.0,65988.5625,72368.734375,66125.4765625,72231.8203125,67372.8046875,70198.7890625,66831.73828125,70739.85546875
2024-03-19 00:00:00+00:00,61897.0,65425.5703125,71769.8828125,65562.484375,71632.96875,66513.3515625,69350.0859375,65972.28515625,69891.15234375
2024-03-20 00:00:00+00:00,67872.0,58145.71875,65522.44921875,58282.6328125,65385.53515625,60876.17578125,63738.859375,60335.109375,64279.92578125
2024-03-21 00:00:00+00:00,65485.0,65353.41015625,72013.515625,65490.32421875,71876.6015625,66169.9296875,69698.6484375,65628.86328125,70239.71484375
2024-03-22 00:00:00+00:00,63807.0,62539.9453125,69202.75,62676.859375,69065.8359375,64786.9296875,67640.734375,64245.86328125,68181.80078125
2024-03-23 00:00:00+00:00,64001.0,60171.58203125,67000.640625,60308.49609375,66863.7265625,62948.21484375,65241.55078125,62407.1484375,65782.6171875
2024-03-24 00:00:00+00:00,67188.0,60574.421875,67126.9921875,60711.3359375,66990.078125,62776.32421875,64822.6484375,62235.2578125,65363.71484375
2024-03-25 00:00:00+00:00,69898.0,63971.59765625,70204.90625,64108.51171875,70067.9921875,66274.046875,68508.4296875,65732.98046875,69049.49609375
2024-03-26 00:00:00+00:00,69997.0,66530.671875,72878.890625,66667.5859375,72741.9765625,69262.328125,71903.5546875,68721.26171875,72444.62109375
2024-03-27 00:00:00+00:00,69421.0,67028.421875,72970.90625,67165.3359375,72833.9921875,69982.9375,72841.6328125,69441.87109375,73382.69921875
2024-03-28 00:00:00+00:00,70803.0,66444.984375,72218.71875,66581.8984375,72081.8046875,69084.5703125,71959.390625,68543.50390625,72500.45703125
2024-03-29 00:00:00+00:00,69903.0,68441.703125,74200.453125,68578.6171875,74063.5390625,70604.2265625,73421.078125,70063.16015625,73962.14453125
2024-03-30 00:00:00+00:00,69613.0,67674.109375,73385.0546875,67811.0234375,73248.140625,69594.421875,72184.609375,69053.35546875,72725.67578125
2024-03-31 00:00:00+00:00,71285.0,67463.515625,72972.671875,67600.4296875,72835.7578125,68966.5078125,71707.078125,68425.44140625,72248.14453125
2024-04-01 00:00:00+00:00,69699.0,69083.109375,74721.2578125,69220.0234375,74584.34375,70749.234375,73391.046875,70208.16796875,73932.11328125
2024-04-02 00:00:00+00:00,65469.0,67366.6171875,73397.203125,67503.53125,73260.2890625,69123.59375,71649.578125,68582.52734375,72190.64453125
2024-04-03 00:00:00+00:00,65988.0,62084.83984375,68564.921875,62221.75390625,68428.0078125,65063.23046875,67940.0,64522.1640625,68481.06640625
2024-04-04 00:00:00+00:00,68538.0,62998.921875,68893.2109375,63135.8359375,68756.296875,64915.23828125,67504.265625,64374.171875,68045.33203125
2024-04-05 00:00:00+00:00,67857.0,65688.03125,71895.3125,65824.9453125,71758.3984375,67667.859375,69591.8671875,67126.79296875,70132.93359375
2024-04-06 00:00:00+00:00,68917.0,65026.65625,70952.078125,65163.5703125,70815.1640625,67220.4765625,69505.6796875,66679.41015625,70046.74609375
2024-04-07 00:00:00+00:00,69358.0,65809.7734375,71838.09375,65946.6875,71701.1796875,68562.53125,70636.578125,68021.46484375,71177.64453125
2024-04-08 00:00:00+00:00,71613.0,66219.3671875,72333.3515625,66356.28125,72196.4375,69046.0859375,70711.8671875,68505.01953125,71252.93359375
2024-04-09 00:00:00+00:00,69135.0,68253.5234375,74794.90625,68390.4375,74657.9921875,71288.015625,73159.3828125,70746.94921875,73700.44921875
2024-04-10 00:00:00+00:00,70630.0,66423.171875,72424.9296875,66560.0859375,72288.015625,69804.25,71720.671875,69263.18359375,72261.73828125
2024-04-11 00:00:00+00:00,70015.0,67973.828125,73927.796875,68110.7421875,73790.8828125,70332.1796875,71853.6015625,69791.11328125,72394.66796875
2024-04-12 00:00:00+00:00,67150.0,68052.8125,73683.34375,68189.7265625,73546.4296875,69935.8515625,71253.96875,69394.78515625,71795.03515625
2024-04-13 00:00:00+00:00,64054.0,64461.140625,70662.8046875,64598.0546875,70525.890625,67533.2109375,69264.015625,66992.14453125,69805.08203125
2024-04-14 00:00:00+00:00,65749.0,60666.30859375,67630.9765625,60803.22265625,67494.0625,63747.51953125,66279.2421875,63206.453125,66820.30859375
2024-04-15 00:00:00+00:00,63438.0,62554.61328125,68881.5703125,62691.52734375,68744.65625,65363.40625,67474.6171875,64822.33984375,68015.68359375
2024-04-16 00:00:00+00:00,63830.0,59790.359375,66398.5,59927.2734375,66261.5859375,62891.1484375,65397.046875,62350.08203125,65938.11328125
2024-04-17 00:00:00+00:00,61278.0,60135.578125,66469.65625,60272.4921875,66332.7421875,63501.4140625,65731.8828125,62960.34765625,66272.94921875
2024-04-18 00:00:00+00:00,63515.0,57138.99609375,63747.15625,57275.91015625,63610.2421875,61115.9921875,63149.125,60574.92578125,63690.19140625
2024-04-19 00:00:00+00:00,63821.0,59708.13671875,65896.765625,59845.05078125,65759.8515625,62739.04296875,64635.41015625,62197.9765625,65176.4765625
2024-04-20 00:00:00+00:00,64990.0,60287.8203125,66264.515625,60424.734375,66127.6015625,63250.65234375,65142.15234375,62709.5859375,65683.21875
2024-04-21 00:00:00+00:00,64950.0,61833.77734375,67826.3359375,61970.69140625,67689.421875,64333.984375,66241.21875,63792.91796875,66782.28515625
2024-04-22 00:00:00+00:00,66855.0,61815.68359375,67573.1796875,61952.59765625,67436.265625,64545.05078125,66227.109375,64003.984375,66768.17578125
2024-04-23 00:00:00+00:00,66421.0,63757.59765625,69746.234375,63894.51171875,69609.3203125,66275.234375,68045.546875,65734.16796875,68586.61328125
2024-04-24 00:00:00+00:00,64259.0,63630.4296875,69425.109375,63767.34375,69288.1953125,66280.671875,68108.671875,65739.60546875,68649.73828125
2024-04-25 00:00:00+00:00,64493.0,61331.4921875,67339.5703125,61468.40625,67202.65625,64160.41796875,65585.9609375,63619.3515625,66127.02734375
2024-04-26 00:00:00+00:00,63745.0,61945.6484375,67675.8046875,62082.5625,67538.890625,63898.046875,65284.11328125,63356.98046875,65825.1796875
2024-04-27 00:00:00+00:00,63429.0,61402.39453125,67153.4296875,61539.30859375,67016.515625,63291.00390625,64670.421875,62749.9375,65211.48828125
2024-04-28 00:00:00+00:00,63098.0,61217.8515625,66745.2890625,61354.765625,66608.375,63127.6015625,64283.28125,62586.53515625,64824.34765625
2024-04-29 00:00:00+00:00,63832.0,60665.7421875,66232.765625,60802.65625,66095.8515625,62944.078125,63822.4296875,62403.01171875,64363.49609375
2024-04-30 00:00:00+00:00,60632.0,61192.95703125,66753.0,61329.87109375,66616.0859375,63456.375,64430.0078125,62915.30859375,64971.07421875
2024-05-01 00:00:00+00:00,58256.0,57119.36328125,63393.6796875,57256.27734375,63256.765625,61205.109375,62401.69140625,60664.04296875,62942.7578125
2024-05-02 00:00:00+00:00,59099.0,54306.8984375,61038.07421875,54443.8125,60901.16015625,58184.671875,59611.66796875,57643.60546875,60152.734375
2024-05-03 00:00:00+00:00,62915.0,55449.46875,61398.03515625,55586.3828125,61261.12109375,58727.96875,59875.140625,58186.90234375,60416.20703125
2024-05-04 00:00:00+00:00,63899.0,59458.3515625,65597.8515625,59595.265625,65460.9375,62399.94921875,63981.640625,61858.8828125,64522.70703125
2024-05-05 00:00:00+00:00,64021.0,60108.57421875,65965.828125,60245.48828125,65828.9140625,63666.07421875,65297.40625,63125.0078125,65838.47265625
2024-05-06 00:00:00+00:00,63164.0,60788.703125,66295.34375,60925.6171875,66158.4296875,63996.24609375,65362.04296875,63455.1796875,65903.109375
2024-05-07 00:00:00+00:00,62320.0,60487.76171875,66227.6171875,60624.67578125,66090.703125,62609.61328125,64197.60546875,62068.546875,64738.671875
2024-05-08 00:00:00+00:00,61181.0,59473.2265625,64945.4765625,59610.140625,64808.5625,62524.78125,64071.98046875,61983.71484375,64613.046875
2024-05-09 00:00:00+00:00,63075.0,57945.17578125,63895.90234375,58082.08984375,63758.98828125,61117.2109375,62539.2578125,60576.14453125,63080.32421875
2024-05-10 00:00:00+00:00,60793.0,60392.58203125,66017.203125,60529.49609375,65880.2890625,62698.5625,63882.2578125,62157.49609375,64423.32421875
2024-05-11 00:00:00+00:00,60816.0,58536.1484375,64202.796875,58673.0625,64065.8828125,60798.53125,62151.9140625,60257.46484375,62692.98046875
2024-05-12 00:00:00+00:00,61462.0,58413.1171875,63951.671875,58550.03125,63814.7578125,60946.41015625,62212.8984375,60405.34375,62753.96484375
2024-05-13 00:00:00+00:00,62934.0,58884.39453125,64375.90625,59021.30859375,64238.9921875,61310.296875,62707.25,60769.23046875,63248.31640625
2024-05-14 00:00:00+00:00,61543.0,60012.40625,65658.953125,60149.3203125,65522.0390625,62391.69140625,63500.95703125,61850.625,64042.0234375
2024-05-15 00:00:00+00:00,66242.0,59140.9140625,64772.20703125,59277.828125,64635.29296875,61545.6953125,62499.609375,61004.62890625,63040.67578125
2024-05-16 00:00:00+00:00,65252.0,62789.06640625,68880.4921875,62925.98046875,68743.578125,65252.578125,66448.1953125,64711.51171875,66989.26171875
2024-05-17 00:00:00+00:00,67053.0,62016.45703125,67890.6171875,62153.37109375,67753.703125,64647.34375,65981.0078125,64106.27734375,66522.07421875
2024-05-18 00:00:00+00:00,66930.0,63570.796875,69623.140625,63707.7109375,69486.2265625,66615.2421875,67629.40625,66074.17578125,68170.47265625
2024-05-19 00:00:00+00:00,66275.0,63435.49609375,69029.03125,63572.41015625,68892.1171875,67124.3125,67842.2578125,66583.24609375,68383.32421875
2024-05-20 00:00:00+00:00,71401.0,63116.0390625,68819.390625,63252.953125,68682.4765625,66410.3203125,67317.03125,65869.25390625,67858.09765625
2024-05-21 00:00:00+00:00,70136.0,66958.6875,73775.1015625,67095.6015625,73638.1875,70339.84375,71899.515625,69798.77734375,72440.58203125
2024-05-22 00:00:00+00:00,69118.0,66543.8203125,72540.5703125,66680.734375,72403.65625,70294.03125,71652.46875,69752.96484375,72193.53515625
2024-05-23 00:00:00+00:00,67945.0,65630.90625,71485.3125,65767.8203125,71348.3984375,69123.9609375,70298.8125,68582.89453125,70839.87890625
2024-05-24 00:00:00+00:00,68548.0,65004.4765625,70847.6328125,65141.390625,70710.71875,67893.625,69233.03125,67352.55859375,69774.09765625
2024-05-25 00:00:00+00:00,69275.0,65482.078125,71533.328125,65618.9921875,71396.4140625,68484.0859375,69458.2265625,67943.01953125,69999.29296875
2024-05-26 00:00:00+00:00,68489.0,66147.78125,72295.7578125,66284.6953125,72158.84375,69068.484375,70311.6328125,68527.41796875,70852.69921875
2024-05-27 00:00:00+00:00,69392.0,65715.3046875,72035.375,65852.21875,71898.4609375,68513.171875,69540.5390625,67972.10546875,70081.60546875
2024-05-28 00:00:00+00:00,68327.0,66879.125,73074.3515625,67016.0390625,72937.4375,69085.203125,70428.4609375,68544.13671875,70969.52734375
2024-05-29 00:00:00+00:00,67564.0,65924.6640625,72284.3828125,66061.578125,72147.46875,68710.3828125,69877.4609375,68169.31640625,70418.52734375
2024-05-30 00:00:00+00:00,68338.0,64891.765625,71462.4140625,65028.6796875,71325.5,68006.453125,69116.2734375,67465.38671875,69657.33984375
2024-05-31 00:00:00+00:00,67477.0,65458.72265625,71772.65625,65595.63671875,71635.7421875,68373.703125,69376.9921875,67832.63671875,69918.05859375
2024-06-01 00:00:00+00:00,67723.0,64857.40234375,70962.359375,64994.31640625,70825.4453125,67725.5625,68705.1953125,67184.49609375,69246.26171875
2024-06-02 00:00:00+00:00,67752.0,64802.5859375,70777.46875,64939.5,70640.5546875,67823.84375,68895.1953125,67282.77734375,69436.26171875
2024-06-03 00:00:00+00:00,68801.0,65034.68359375,70690.8828125,65171.59765625,70553.96875,67814.34375,68738.0234375,67273.27734375,69279.08984375
2024-06-04 00:00:00+00:00,70564.0,66139.2734375,71412.40625,66276.1875,71275.4921875,68371.0703125,69436.8359375,67830.00390625,69977.90234375
2024-06-05 00:00:00+00:00,71119.0,68070.8984375,73441.84375,68207.8125,73304.9296875,70484.4140625,71685.8359375,69943.34765625,72226.90234375
2024-06-06 00:00:00+00:00,70775.0,68642.7421875,73970.171875,68779.65625,73833.2578125,71580.90625,72577.046875,71039.83984375,73118.11328125
2024-06-07 00:00:00+00:00,69326.0,68487.125,73613.421875,68624.0390625,73476.5078125,71074.7265625,71918.6953125,70533.66015625,72459.76171875
2024-06-08 00:00:00+00:00,69306.0,67129.53125,72590.9375,67266.4453125,72454.0234375,69503.875,70479.859375,68962.80859375,71020.92578125
2024-06-09 00:00:00+00:00,69640.0,67121.8046875,72534.59375,67258.71875,72397.6796875,69601.421875,70467.59375,69060.35546875,71008.66015625
2024-06-10 00:00:00+00:00,69501.0,67665.203125,73011.09375,67802.1171875,72874.1796875,69809.7890625,70576.625,69268.72265625,71117.69140625
2024-06-11 00:00:00+00:00,67306.0,67468.203125,72815.828125,67605.1171875,72678.9140625,69574.890625,70321.359375,69033.82421875,70862.42578125
2024-06-12 00:00:00+00:00,68243.0,64984.16796875,70823.8046875,65121.08203125,70686.890625,67860.65625,68781.09375,67319.58984375,69322.16015625
2024-06-13 00:00:00+00:00,66733.0,66036.3203125,71589.6171875,66173.234375,71452.703125,68446.1171875,69198.328125,67905.05078125,69739.39453125
2024-06-14 00:00:00+00:00,65996.0,64269.54296875,69909.203125,64406.45703125,69772.2890625,66809.921875,67858.1015625,66268.85546875,68399.16796875
2024-06-15 00:00:00+00:00,66182.0,63356.234375,69009.5859375,63493.1484375,68872.671875,66265.3515625,67338.84375,65724.28515625,67879.91015625
2024-06-16 00:00:00+00:00,66622.0,63693.1171875,68930.0234375,63830.03125,68793.109375,66164.265625,67476.90625,65623.19921875,68017.97265625
2024-06-17 00:00:00+00:00,66475.0,64004.03125,68951.234375,64140.9453125,68814.3203125,66577.03125,67765.8125,66035.96484375,68306.87890625
2024-06-18 00:00:00+00:00,65145.0,63987.6328125,68743.96875,64124.546875,68607.0546875,66276.03125,67439.109375,65734.96484375,67980.17578125
2024-06-19 00:00:00+00:00,64946.0,63140.19140625,67884.9609375,63277.10546875,67748.046875,65437.73828125,66722.09375,64896.671875,67263.16015625
2024-06-20 00:00:00+00:00,64845.0,63035.1640625,67302.1328125,63172.078125,67165.21875,65285.171875,66352.2421875,64744.10546875,66893.30859375
2024-06-21 00:00:00+00:00,64102.0,63109.25,67020.265625,63246.1640625,66883.3515625,64697.7734375,65886.8828125,64156.70703125,66427.94921875
2024-06-22 00:00:00+00:00,64233.0,61619.41796875,65871.4765625,61756.33203125,65734.5625,63963.69140625,64955.4453125,63422.625,65496.51171875
2024-06-23 00:00:00+00:00,63154.0,61768.91015625,65780.25,61905.82421875,65643.3359375,64033.58984375,65041.578125,63492.5234375,65582.64453125
2024-06-24 00:00:00+00:00,60252.0,60793.07421875,65109.00390625,60929.98828125,64972.08984375,62921.62890625,64128.671875,62380.5625,64669.73828125
2024-06-25 00:00:00+00:00,61789.0,57375.48046875,62377.9453125,57512.39453125,62241.03125,60262.8046875,62048.984375,59721.73828125,62590.05078125
2024-06-26 00:00:00+00:00,60807.0,58874.28125,63552.23828125,59011.1953125,63415.32421875,61744.7109375,63008.57421875,61203.64453125,63549.640625
2024-06-27 00:00:00+00:00,61622.0,58038.9765625,62749.91796875,58175.890625,62613.00390625,60871.1015625,62186.76953125,60330.03515625,62727.8359375
2024-06-28 00:00:00+00:00,60315.0,59114.875,63439.6015625,59251.7890625,63302.6875,61401.6328125,62546.48046875,60860.56640625,63087.546875
2024-06-29 00:00:00+00:00,60879.0,58298.390625,62501.46484375,58435.3046875,62364.55078125,60527.3046875,61766.42578125,59986.23828125,62307.4921875
2024-06-30 00:00:00+00:00,62676.0,58583.7578125,62538.48828125,58720.671875,62401.57421875,60850.53125,61949.7734375,60309.46484375,62490.83984375
2024-07-01 00:00:00+00:00,62829.0,59310.0625,64014.83203125,59446.9765625,63877.91796875,62713.328125,63815.2265625,62172.26171875,64356.29296875
2024-07-02 00:00:00+00:00,62033.0,59725.9375,64611.125,59862.8515625,64474.2109375,63234.40625,64228.67578125,62693.33984375,64769.7421875
2024-07-03 00:00:00+00:00,60142.0,59039.84765625,63245.65625,59176.76171875,63108.7421875,62543.11328125,63670.734375,62002.046875,64211.80078125
2024-07-04 00:00:00+00:00,57045.0,57663.1796875,62070.18359375,57800.09375,61933.26953125,61263.7578125,62567.234375,60722.69140625,63108.30078125
2024-07-05 00:00:00+00:00,56632.0,54157.72265625,60045.27734375,54294.63671875,59908.36328125,58302.8046875,60300.03125,57761.73828125,60841.09765625
2024-07-06 00:00:00+00:00,58251.0,53998.8125,59303.26171875,54135.7265625,59166.34765625,57446.63671875,59018.890625,56905.5703125,59559.95703125
2024-07-07 00:00:00+00:00,55829.0,56344.1796875,61016.3125,56481.09375,60879.3984375,58884.1015625,60313.375,58343.03515625,60854.44140625
2024-07-08 00:00:00+00:00,56710.0,53956.92578125,58348.55078125,54093.83984375,58211.63671875,56986.375,58454.140625,56445.30859375,58995.20703125
2024-07-09 00:00:00+00:00,58033.0,54329.47265625,58069.80859375,54466.38671875,57932.89453125,57357.08203125,58744.01171875,56816.015625,59285.078125
2024-07-10 00:00:00+00:00,57733.0,55475.578125,59309.69140625,55612.4921875,59172.77734375,58696.17578125,60068.8046875,58155.109375,60609.87109375
2024-07-11 00:00:00+00:00,57348.0,55451.60546875,59313.55859375,55588.51953125,59176.64453125,58451.2578125,59801.5,57910.19140625,60342.56640625
2024-07-12 00:00:00+00:00,57889.0,54874.3046875,58693.6484375,55011.21875,58556.734375,58024.8984375,59084.62109375,57483.83203125,59625.6875
2024-07-13 00:00:00+00:00,59226.0,54884.7421875,58521.890625,55021.65625,58384.9765625,58462.78515625,59432.96875,57921.71875,59974.03515625
2024-07-14 00:00:00+00:00,60823.0,55789.73828125,59473.92578125,55926.65234375,59337.01171875,59535.92578125,60535.203125,58994.859375,61076.26953125
2024-07-15 00:00:00+00:00,64769.0,57176.33203125,61176.3359375,57313.24609375,61039.421875,61266.30078125,62365.89453125,60725.234375,62906.9609375
2024-07-16 00:00:00+00:00,65081.0,60303.7890625,66097.625,60440.703125,65960.7109375,65018.34765625,66532.3125,64477.28125,67073.37890625
2024-07-17 00:00:00+00:00,64091.0,60918.12109375,66604.6796875,61055.03515625,66467.765625,65228.578125,66564.0390625,64687.51171875,67105.10546875
2024-07-18 00:00:00+00:00,63964.0,61192.39453125,66014.34375,61329.30859375,65877.4296875,64335.86328125,65578.5703125,63794.796875,66119.63671875
2024-07-19 00:00:00+00:00,66705.0,61867.4375,66430.890625,62004.3515625,66293.9765625,64162.39453125,65341.59375,63621.328125,65882.66015625
2024-07-20 00:00:00+00:00,67155.0,64295.78125,69180.375,64432.6953125,69043.4609375,66790.6796875,68082.296875,66249.61328125,68623.36328125
2024-07-21 00:00:00+00:00,68158.0,64886.88671875,69412.7421875,65023.80078125,69275.828125,66888.84375,68108.5859375,66347.77734375,68649.65234375
2024-07-22 00:00:00+00:00,67562.0,66161.1171875,70330.9921875,66298.03125,70194.078125,67840.5078125,69070.59375,67299.44140625,69611.66015625
2024-07-23 00:00:00+00:00,65944.0,66165.7265625,70167.5234375,66302.640625,70030.609375,67213.0234375,68393.8046875,66671.95703125,68934.87109375
2024-07-24 00:00:00+00:00,65376.0,64289.95703125,68563.0,64426.87109375,68426.0859375,66193.859375,67340.375,65652.79296875,67881.44140625
2024-07-25 00:00:00+00:00,65796.0,63187.45703125,67565.4609375,63324.37109375,67428.546875,65555.40625,66701.484375,65014.33984375,67242.55078125
2024-07-26 00:00:00+00:00,67921.0,63437.0390625,67698.03125,63573.953125,67561.1171875,65927.8671875,66981.1796875,65386.80078125,67522.24609375
2024-07-27 00:00:00+00:00,67892.0,65586.3671875,69636.890625,65723.28125,69499.9765625,67864.03125,68703.546875,67322.96484375,69244.61328125
2024-07-28 00:00:00+00:00,68264.0,65535.66796875,69474.703125,65672.58203125,69337.7890625,67899.7109375,68780.515625,67358.64453125,69321.58203125
2024-07-29 00:00:00+00:00,66780.0,65914.46875,69591.2578125,66051.3828125,69454.34375,68223.265625,69071.328125,67682.19921875,69612.39453125
2024-07-30 00:00:00+00:00,66171.0,64570.8515625,68473.3828125,64707.765625,68336.46875,66837.3203125,67808.265625,66296.25390625,68349.33203125
2024-07-31 00:00:00+00:00,64612.0,63923.16796875,67569.046875,64060.08203125,67432.1328125,66235.9609375,67174.2265625,65694.89453125,67715.29296875
2024-08-01 00:00:00+00:00,65293.0,62556.3671875,66300.375,62693.28125,66163.4609375,64807.9453125,65954.0625,64266.87890625,66495.12890625
2024-08-02 00:00:00+00:00,61421.0,63164.36328125,67043.3125,63301.27734375,66906.3984375,65236.28125,66363.7734375,64695.21484375,66904.83984375
2024-08-03 00:00:00+00:00,60672.0,59673.2421875,64121.3671875,59810.15625,63984.453125,62044.26953125,63634.6953125,61503.203125,64175.76171875
2024-08-04 00:00:00+00:00,58142.0,58857.12109375,63213.078125,58994.03515625,63076.1640625,61149.9296875,62525.2109375,60608.86328125,63066.27734375
2024-08-05 00:00:00+00:00,54014.0,56930.2734375,61579.3671875,57067.1875,61442.453125,58810.9921875,60367.21875,58269.92578125,60908.28515625
2024-08-06 00:00:00+00:00,56053.0,52328.5390625,58320.625,52465.453125,58183.7109375,55361.5625,57552.3515625,54820.49609375,58093.41796875
2024-08-07 00:00:00+00:00,55136.0,54465.03515625,59974.3046875,54601.94921875,59837.390625,56917.35546875,58739.80078125,56376.2890625,59280.8671875
2024-08-08 00:00:00+00:00,61699.0,53183.125,58854.8046875,53320.0390625,58717.890625,56097.60546875,57616.86328125,55556.5390625,58157.9296875
2024-08-09 00:00:00+00:00,60860.0,58236.69921875,64571.125,58373.61328125,64434.2109375,61993.3046875,63594.75,61452.23828125,64135.81640625
2024-08-10 00:00:00+00:00,60952.0,57395.671875,62792.26171875,57532.5859375,62655.34765625,61247.94140625,62766.9375,60706.875,63308.00390625
2024-08-11 00:00:00+00:00,58725.0,57315.28515625,62603.94921875,57452.19921875,62467.03515625,61226.4140625,62609.2890625,60685.34765625,63150.35546875
2024-08-12 00:00:00+00:00,59362.0,56196.34765625,61571.078125,56333.26171875,61434.1640625,59744.5234375,61274.1015625,59203.45703125,61815.16796875
2024-08-13 00:00:00+00:00,60620.0,56355.890625,61643.28125,56492.8046875,61506.3671875,59716.76953125,61103.96484375,59175.703125,61645.03125
2024-08-14 00:00:00+00:00,58697.0,57173.34765625,62448.7578125,57310.26171875,62311.84375,60765.1484375,62016.15234375,60224.08203125,62557.21875
2024-08-15 00:00:00+00:00,57557.0,56055.62109375,61333.1328125,56192.53515625,61196.21875,59217.4140625,60837.9609375,58676.34765625,61379.02734375
2024-08-16 00:00:00+00:00,58883.0,55380.90625,60878.44921875,55517.8203125,60741.53515625,58179.5234375,59765.94921875,57638.45703125,60307.015625
2024-08-17 00:00:00+00:00,59487.0,56332.05078125,61786.89453125,56468.96484375,61649.98046875,59304.0,60664.91796875,58762.93359375,61205.984375
2024-08-18 00:00:00+00:00,58430.0,56360.48046875,62105.3046875,56497.39453125,61968.390625,59784.12890625,60843.42578125,59243.0625,61384.4921875
2024-08-19 00:00:00+00:00,59497.0,55787.0,61054.109375,55923.9140625,60917.1953125,59024.49609375,60322.23046875,58483.4296875,60863.296875
2024-08-20 00:00:00+00:00,59012.0,55966.8828125,61056.6640625,56103.796875,60919.75,59745.30078125,60936.171875,59204.234375,61477.23828125
2024-08-21 00:00:00+00:00,61159.0,55465.02734375,60258.61328125,55601.94140625,60121.69921875,59510.12109375,60492.83203125,58969.0546875,61033.8984375
2024-08-22 00:00:00+00:00,60383.0,55980.08984375,61280.98046875,56117.00390625,61144.06640625,60936.96484375,62016.3125,60395.8984375,62557.37890625
2024-08-23 00:00:00+00:00,64085.0,56602.1171875,61924.1640625,56739.03125,61787.25,60470.7265625,61518.51171875,59929.66015625,62059.578125
2024-08-24 00:00:00+00:00,64174.0,59117.50390625,65542.5,59254.41796875,65405.5859375,63534.0234375,64906.81640625,62992.95703125,65447.8828125
2024-08-25 00:00:00+00:00,64262.0,60682.16796875,66563.875,60819.08203125,66426.9609375,63941.0546875,64869.7265625,63399.98828125,65410.79296875
2024-08-26 00:00:00+00:00,62852.0,61298.875,66598.75,61435.7890625,66461.8359375,64168.99609375,65031.3046875,63627.9296875,65572.37109375
2024-08-27 00:00:00+00:00,59427.0,60476.7890625,65692.15625,60613.703125,65555.2421875,63133.734375,64152.58203125,62592.66796875,64693.6484375
2024-08-28 00:00:00+00:00,59033.0,57114.8203125,62799.26953125,57251.734375,62662.35546875,59619.25390625,61229.203125,59078.1875,61770.26953125
2024-08-29 00:00:00+00:00,59365.0,56834.3671875,62551.30078125,56971.28125,62414.38671875,59539.72265625,61000.56640625,58998.65625,61541.6328125
2024-08-30 00:00:00+00:00,59113.0,57579.875,62944.5078125,57716.7890625,62807.59375,59939.74609375,61089.5,59398.6796875,61630.56640625
2024-08-31 00:00:00+00:00,58967.0,57635.4140625,63401.98828125,57772.328125,63265.07421875,59492.2265625,60583.60546875,58951.16015625,61124.671875
2024-09-01 00:00:00+00:00,57310.0,57624.00390625,63077.33203125,57760.91796875,62940.41796875,59426.64453125,60439.18359375,58885.578125,60980.25
2024-09-02 00:00:00+00:00,59133.0,54954.24609375,61379.55859375,55091.16015625,61242.64453125,58028.39453125,59215.234375,57487.328125,59756.30078125
2024-09-03 00:00:00+00:00,57493.0,56899.3046875,62750.4765625,57036.21875,62613.5625,59688.4609375,60957.33203125,59147.39453125,61498.3984375
2024-09-04 00:00:00+00:00,57956.0,55839.03515625,61668.9375,55975.94921875,61532.0234375,58151.91796875,59379.32421875,57610.8515625,59920.390625
2024-09-05 00:00:00+00:00,56158.0,56483.9296875,62025.8828125,56620.84375,61888.96875,58169.05078125,59231.42578125,57627.984375,59772.4921875
2024-09-06 00:00:00+00:00,53955.0,54608.89453125,60392.3125,54745.80859375,60255.3984375,56949.390625,58183.0390625,56408.32421875,58724.10546875
2024-09-07 00:00:00+00:00,54147.0,51787.4296875,58531.234375,51924.34375,58394.3203125,54843.5,56596.8515625,54302.43359375,57137.91796875
2024-09-08 00:00:00+00:00,54866.0,51457.6953125,57909.015625,51594.609375,57772.1015625,54794.66796875,56340.3671875,54253.6015625,56881.43359375
2024-09-09 00:00:00+00:00,57059.0,52466.765625,57958.015625,52603.6796875,57821.1015625,55321.09375,56745.89453125,54780.02734375,57286.9609375
2024-09-10 00:00:00+00:00,57659.0,54850.6875,60594.49609375,54987.6015625,60457.58203125,57221.33203125,58542.07421875,56680.265625,59083.140625
2024-09-11 00:00:00+00:00,57342.0,55151.5,60039.71484375,55288.4140625,59902.80078125,57723.30859375,59090.79296875,57182.2421875,59631.859375
2024-09-12 00:00:00+00:00,58139.0,54964.24609375,59318.83984375,55101.16015625,59181.92578125,57292.20703125,58591.21484375,56751.140625,59132.28125
2024-09-13 00:00:00+00:00,60545.0,55853.03125,60365.55859375,55989.9453125,60228.64453125,58218.91015625,59577.640625,57677.84375,60118.70703125
2024-09-14 00:00:00+00:00,60012.0,58146.703125,63493.23828125,58283.6171875,63356.32421875,60595.26171875,62085.31640625,60054.1953125,62626.3828125
2024-09-15 00:00:00+00:00,59130.0,57502.22265625,61988.75390625,57639.13671875,61851.83984375,59849.83984375,61453.31640625,59308.7734375,61994.3828125
2024-09-16 00:00:00+00:00,58212.0,56987.1953125,61355.41796875,57124.109375,61218.50390625,58890.8515625,60376.1171875,58349.78515625,60917.18359375
2024-09-17 00:00:00+00:00,60316.0,56499.16796875,60565.94921875,56636.08203125,60429.03515625,58165.71484375,59476.55859375,57624.6484375,60017.625
2024-09-18 00:00:00+00:00,61757.0,57855.28515625,62370.140625,57992.19921875,62233.2265625,60449.41796875,61781.4921875,59908.3515625,62322.55859375
2024-09-19 00:00:00+00:00,62940.0,58615.2734375,63633.953125,58752.1875,63497.0390625,61840.78515625,63057.078125,61299.71875,63598.14453125
2024-09-20 00:00:00+00:00,63211.0,59583.5,65036.18359375,59720.4140625,64899.26953125,63085.578125,64296.5625,62544.51171875,64837.62890625
2024-09-21 00:00:00+00:00,63364.0,60465.78515625,65565.59375,60602.69921875,65428.6796875,63106.375,64259.65234375,62565.30859375,64800.71875
2024-09-22 00:00:00+00:00,63563.0,60606.29296875,65672.6640625,60743.20703125,65535.75,63171.01953125,64280.203125,62629.953125,64821.26953125
2024-09-23 00:00:00+00:00,63325.0,60482.6875,65413.48046875,60619.6015625,65276.56640625,63659.3984375,64693.296875,63118.33203125,65234.36328125
2024-09-24 00:00:00+00:00,64260.0,60439.8125,65008.5546875,60576.7265625,64871.640625,63353.03125,64358.32421875,62811.96484375,64899.390625
2024-09-25 00:00:00+00:00,63147.0,61733.57421875,66448.96875,61870.48828125,66312.0546875,64388.1875,65327.01171875,63847.12109375,65868.078125
2024-09-26 00:00:00+00:00,65175.0,60409.2265625,64953.75,60546.140625,64816.8359375,63238.37109375,64167.68359375,62697.3046875,64708.75
2024-09-27 00:00:00+00:00,65781.0,62830.4140625,66904.78125,62967.328125,66767.8671875,65018.73828125,66139.5703125,64477.671875,66680.63671875
2024-09-28 00:00:00+00:00,65876.0,63720.11328125,67855.5703125,63857.02734375,67718.65625,65756.546875,66838.7578125,65215.48046875,67379.82421875
2024-09-29 00:00:00+00:00,65601.0,63931.86328125,68160.75,64068.77734375,68023.8359375,65852.421875,66628.15625,65311.35546875,67169.22265625
2024-09-30 00:00:00+00:00,63302.0,63447.97265625,67685.3203125,63584.88671875,67548.40625,65596.6484375,66425.625,65055.58203125,66966.69140625
2024-10-01 00:00:00+00:00,60807.0,60637.484375,65055.796875,60774.3984375,64918.8828125,63363.9375,64702.6875,62822.87109375,65243.75390625
2024-10-02 00:00:00+00:00,60634.0,58357.90625,63358.41015625,58494.8203125,63221.49609375,60462.91015625,62140.0546875,59921.84375,62681.12109375
2024-10-03 00:00:00+00:00,60745.0,58833.9375,63319.09375,58970.8515625,63182.1796875,60733.62109375,62204.9765625,60192.5546875,62746.04296875
2024-10-04 00:00:00+00:00,62081.0,58958.3828125,63186.7890625,59095.296875,63049.875,60759.9921875,61899.10546875,60218.92578125,62440.171875
2024-10-05 00:00:00+00:00,62063.0,59634.33984375,64065.515625,59771.25390625,63928.6015625,62028.50390625,63158.72265625,61487.4375,63699.7890625
2024-10-06 00:00:00+00:00,62814.0,59459.36328125,63755.15625,59596.27734375,63618.2421875,62060.33203125,62976.03125,61519.265625,63517.09765625
2024-10-07 00:00:00+00:00,62212.0,60241.70703125,64129.1328125,60378.62109375,63992.21875,62840.72265625,63703.3828125,62299.65625,64244.44921875
2024-10-08 00:00:00+00:00,62133.0,59621.078125,63575.97265625,59757.9921875,63439.05859375,62086.8359375,63111.671875,61545.76953125,63652.73828125
2024-10-09 00:00:00+00:00,60582.0,59792.578125,63539.0,59929.4921875,63402.0859375,61996.171875,62877.30078125,61455.10546875,63418.3671875
2024-10-10 00:00:00+00:00,60278.0,58507.0859375,62197.765625,58644.0,62060.8515625,60723.7421875,61810.5,60182.67578125,62351.56640625
2024-10-11 00:00:00+00:00,62452.0,58471.28125,61935.859375,58608.1953125,61798.9453125,60219.6015625,61337.2734375,59678.53515625,61878.33984375
2024-10-12 00:00:00+00:00,63194.0,60691.4140625,64367.0078125,60828.328125,64230.09375,62657.47265625,63682.76953125,62116.40625,64223.8359375
2024-10-13 00:00:00+00:00,62849.0,61309.6875,64772.4140625,61446.6015625,64635.5,63150.47265625,64294.0,62609.40625,64835.06640625
2024-10-14 00:00:00+00:00,66070.0,60908.9375,64263.74609375,61045.8515625,64126.83203125,62322.390625,63405.66015625,61781.32421875,63946.7265625
2024-10-15 00:00:00+00:00,67061.0,64031.4609375,68466.9453125,64168.375,68330.03125,65851.8125,67471.4765625,65310.74609375,68012.54296875
2024-10-16 00:00:00+00:00,67622.0,65176.015625,69811.609375,65312.9296875,69674.6953125,66831.03125,68355.3359375,66289.96484375,68896.40234375
2024-10-17 00:00:00+00:00,67392.0,65663.8671875,70111.1015625,65800.78125,69974.1875,67108.4921875,68427.3203125,66567.42578125,68968.38671875
2024-10-18 00:00:00+00:00,68420.0,65141.484375,69421.6015625,65278.3984375,69284.6875,66957.953125,68143.484375,66416.88671875,68684.55078125
2024-10-19 00:00:00+00:00,68359.0,66615.640625,70769.3046875,66752.5546875,70632.390625,68270.9296875,69297.1015625,67729.86328125,69838.16796875
2024-10-20 00:00:00+00:00,69011.0,66374.7890625,70297.859375,66511.703125,70160.9453125,68315.140625,69272.40625,67774.07421875,69813.47265625
2024-10-21 00:00:00+00:00,67340.0,66740.2578125,70693.21875,66877.171875,70556.3046875,68760.2734375,69722.6015625,68219.20703125,70263.66796875
2024-10-22 00:00:00+00:00,67382.0,65148.6796875,69525.6015625,65285.59375,69388.6875,66754.4296875,67977.4375,66213.36328125,68518.50390625
2024-10-23 00:00:00+00:00,66601.0,65602.7734375,69754.4375,65739.6875,69617.5234375,66844.2109375,67952.7421875,66303.14453125,68493.80859375
2024-10-24 00:00:00+00:00,68155.0,64698.17578125,68919.6171875,64835.08984375,68782.703125,66001.359375,67308.8984375,65460.29296875,67849.96484375
2024-10-25 00:00:00+00:00,66578.0,65894.21875,70059.5625,66031.1328125,69922.6484375,67543.7421875,68872.4375,67002.67578125,69413.50390625
2024-10-26 00:00:00+00:00,67003.0,64359.8828125,68797.0390625,64496.796875,68660.125,66080.625,67451.5625,65539.55859375,67992.62890625
2024-10-27 00:00:00+00:00,67938.0,65171.515625,69382.1015625,65308.4296875,69245.1875,66486.8828125,67585.3828125,65945.81640625,68126.44921875
2024-10-28 00:00:00+00:00,69918.0,66294.0625,70281.4453125,66430.9765625,70144.53125,67511.984375,68615.1953125,66970.91796875,69156.26171875
2024-10-29 00:00:00+00:00,72729.0,67755.7421875,71982.6171875,67892.65625,71845.703125,69155.71875,70469.984375,68614.65234375,71011.05078125
2024-10-30 00:00:00+00:00,72331.0,70644.5859375,75295.5703125,70781.5,75158.65625,72041.9296875,73871.0234375,71500.86328125,74412.08984375
2024-10-31 00:00:00+00:00,70231.0,70204.4921875,74601.921875,70341.40625,74465.0078125,71206.7265625,72953.9921875,70665.66015625,73495.05859375
2024-11-01 00:00:00+00:00,69490.0,68000.203125,72332.2265625,68137.1171875,72195.3125,68623.5,70741.046875,68082.43359375,71282.11328125
2024-11-02 00:00:00+00:00,69330.0,67275.8046875,71669.21875,67412.71875,71532.3046875,68429.6015625,70106.2578125,67888.53515625,70647.32421875
2024-11-03 00:00:00+00:00,68738.0,67246.1875,71615.75,67383.1015625,71478.8359375,68790.671875,70494.0703125,68249.60546875,71035.13671875
2024-11-04 00:00:00+00:00,67818.0,67024.9765625,71108.203125,67161.890625,70971.2890625,67844.9609375,69481.109375,67303.89453125,70022.17578125
2024-11-05 00:00:00+00:00,69386.0,66359.0234375,70442.515625,66495.9375,70305.6015625,66930.609375,68339.1328125,66389.54296875,68880.19921875
2024-11-06 00:00:00+00:00,75637.0,67886.609375,71807.1953125,68023.5234375,71670.28125,68742.2265625,70316.40625,68201.16015625,70857.47265625
2024-11-07 00:00:00+00:00,75921.0,72041.9296875,77297.0546875,72178.84375,77160.140625,73420.625,75974.671875,72879.55859375,76515.73828125
2024-11-08 00:00:00+00:00,76561.0,73373.484375,78624.984375,73510.3984375,78488.0703125,74378.0546875,76504.203125,73836.98828125,77045.26953125
2024-11-09 00:00:00+00:00,76722.0,74380.7890625,79635.890625,74517.703125,79498.9765625,74671.65625,76582.6328125,74130.58984375,77123.69921875
2024-11-10 00:00:00+00:00,80425.0,74608.859375,79813.5390625,74745.7734375,79676.625,76089.046875,77943.625,75547.98046875,78484.69140625
2024-11-11 00:00:00+00:00,88770.0,78179.6015625,84619.2578125,78316.515625,84482.34375,79772.46875,81738.6796875,79231.40234375,82279.74609375
2024-11-12 00:00:00+00:00,88031.0,84655.6484375,95628.0625,84792.5625,95491.1484375,86977.453125,90322.4921875,86436.38671875,90863.55859375
2024-11-13 00:00:00+00:00,90521.0,83769.328125,92150.484375,83906.2421875,92013.5703125,85649.125,88875.625,85108.05859375,89416.69140625
2024-11-14 00:00:00+00:00,87333.0,86267.3828125,94451.84375,86404.296875,94314.9296875,88644.125,91968.3984375,88103.05859375,92509.46484375
2024-11-15 00:00:00+00:00,91070.0,84614.875,92201.21875,84751.7890625,92064.3046875,85343.828125,89274.3125,84802.76171875,89815.37890625
2024-11-16 00:00:00+00:00,90608.0,88281.7265625,96360.171875,88418.640625,96223.2578125,89785.171875,93740.671875,89244.10546875,94281.73828125
2024-11-17 00:00:00+00:00,89861.0,87990.5,96018.9375,88127.4140625,95882.0234375,89748.9140625,93167.2109375,89207.84765625,93708.27734375
2024-11-18 00:00:00+00:00,90512.0,86918.234375,94346.9921875,87055.1484375,94210.078125,88698.6875,91922.875,88157.62109375,92463.94140625
2024-11-19 00:00:00+00:00,92424.0,88225.984375,95935.015625,88362.8984375,95798.1015625,89895.359375,92179.0390625,89354.29296875,92720.10546875
2024-11-20 00:00:00+00:00,94373.0,90504.890625,98485.609375,90641.8046875,98348.6953125,92023.171875,94458.328125,91482.10546875,94999.39453125
2024-11-21 00:00:00+00:00,98451.0,92642.6875,101224.1484375,92779.6015625,101087.234375,93820.6328125,96544.8828125,93279.56640625,97085.94921875
2024-11-22 00:00:00+00:00,99013.0,97172.1796875,106368.4375,97309.09375,106231.5234375,98126.2734375,101030.8125,97585.20703125,101571.87890625
2024-11-23 00:00:00+00:00,97775.0,97313.6015625,106343.9375,97450.515625,106207.0234375,98838.3828125,101736.046875,98297.31640625,102277.11328125
2024-11-24 00:00:00+00:00,98007.0,95034.171875,103449.3984375,95171.0859375,103312.484375,97147.65625,100088.375,96606.58984375,100629.44140625
2024-11-25 00:00:00+00:00,93035.0,95144.9609375,103558.890625,95281.875,103421.9765625,97507.125,100256.78125,96966.05859375,100797.84765625
2024-11-26 00:00:00+00:00,91928.0,89339.734375,97906.90625,89476.6484375,97769.9921875,92250.796875,95989.5234375,91709.73046875,96530.58984375
2024-11-27 00:00:00+00:00,95978.0,88116.1953125,96396.4140625,88253.109375,96259.5,90862.1328125,93970.03125,90321.06640625,94511.09765625
2024-11-28 00:00:00+00:00,95661.0,92886.828125,101049.3125,93023.7421875,100912.3984375,95968.5078125,99269.8828125,95427.44140625,99810.94921875
2024-11-29 00:00:00+00:00,97512.0,92970.515625,100785.328125,93107.4296875,100648.4140625,94913.0625,98065.28125,94371.99609375,98606.34765625
2024-11-30 00:00:00+00:00,96441.0,94467.28125,102477.515625,94604.1953125,102340.6015625,97043.1953125,99954.5625,96502.12890625,100495.62890625
2024-12-01 00:00:00+00:00,97291.0,93629.7421875,102082.0,93766.65625,101945.0859375,95830.1171875,99033.03125,95289.05078125,99574.09765625
2024-12-02 00:00:00+00:00,95859.0,94340.546875,102691.234375,94477.4609375,102554.3203125,96629.390625,99691.8125,96088.32421875,100232.87890625
2024-12-03 00:00:00+00:00,95926.0,92674.296875,101031.515625,92811.2109375,100894.6015625,95077.15625,98205.0546875,94536.08984375,98746.12109375
2024-12-04 00:00:00+00:00,98773.0,92626.6484375,100774.109375,92763.5625,100637.1953125,95118.71875,97960.8515625,94577.65234375,98501.91796875
2024-12-05 00:00:00+00:00,97057.0,96302.0625,104475.84375,96438.9765625,104338.9296875,98289.375,101304.140625,97748.30859375,101845.20703125
2024-12-06 00:00:00+00:00,99898.0,94878.15625,102261.1875,95015.0703125,102124.2734375,96528.4375,99313.9296875,95987.37109375,99854.99609375
2024-12-07 00:00:00+00:00,99929.0,97622.3671875,105348.96875,97759.28125,105212.0546875,98584.1328125,101635.03125,98043.06640625,102176.09765625
2024-12-08 00:00:00+00:00,101204.0,97639.984375,105131.8203125,97776.8984375,104994.90625,98218.5,101482.1328125,97677.43359375,102023.19921875
2024-12-09 00:00:00+00:00,97468.0,98883.7578125,106673.578125,99020.671875,106536.6640625,99693.8515625,102760.921875,99152.78515625,103301.98828125
2024-12-10 00:00:00+00:00,96648.0,94859.875,102383.53125,94996.7890625,102246.6171875,96667.21875,99854.59375,96126.15234375,100395.66015625
2024-12-11 00:00:00+00:00,101201.0,93639.9296875,100776.203125,93776.84375,100639.2890625,96100.4609375,99246.765625,95559.39453125,99787.83203125
2024-12-12 00:00:00+00:00,100068.0,98400.59375,106324.859375,98537.5078125,106187.9453125,100147.34375,103088.8515625,99606.27734375,103629.91796875
2024-12-13 00:00:00+00:00,101435.0,98246.375,105640.8125,98383.2890625,105503.8984375,99485.390625,102240.3125,98944.32421875,102781.37890625
2024-12-14 00:00:00+00:00,101382.0,99441.390625,107053.078125,99578.3046875,106916.1640625,101532.390625,103524.4296875,100991.32421875,104065.49609375
2024-12-15 00:00:00+00:00,104427.0,99615.2890625,107185.46875,99752.203125,107048.5546875,101137.8125,103555.2421875,100596.74609375,104096.30859375
2024-12-16 00:00:00+00:00,106073.0,102086.59375,110101.5625,102223.5078125,109964.6484375,103336.4296875,105482.7890625,102795.36328125,106023.85546875
2024-12-17 00:00:00+00:00,106187.0,103387.6640625,112332.765625,103524.578125,112195.8515625,104530.9609375,107143.3984375,103989.89453125,107684.46484375
2024-12-18 00:00:00+00:00,100153.0,103711.75,112124.828125,103848.6640625,111987.9140625,104585.921875,107551.2890625,104044.85546875,108092.35546875
2024-12-19 00:00:00+00:00,97375.0,97628.7265625,106472.6328125,97765.640625,106335.71875,99616.7734375,102397.859375,99075.70703125,102938.92578125
2024-12-20 00:00:00+00:00,97760.0,94281.6796875,103235.453125,94418.59375,103098.5390625,97061.5703125,99619.2421875,96520.50390625,100160.30859375
2024-12-21 00:00:00+00:00,97211.0,94466.8671875,103035.9140625,94603.78125,102899.0,97838.2890625,99810.859375,97297.22265625,100351.92578125
2024-12-22 00:00:00+00:00,95098.0,93997.25,101882.84375,94134.1640625,101745.9296875,97031.734375,98949.1875,96490.66796875,99490.25390625
2024-12-23 00:00:00+00:00,94750.0,91368.6328125,99725.8984375,91505.546875,99588.984375,94350.5234375,96586.6015625,93809.45703125,97127.66796875
2024-12-24 00:00:00+00:00,98596.0,90082.671875,98362.3984375,90219.5859375,98225.484375,94018.3828125,95933.53125,93477.31640625,96474.59765625
2024-12-25 00:00:00+00:00,99374.0,94361.90625,102612.1328125,94498.8203125,102475.21875,97689.7109375,99407.3359375,97148.64453125,99948.40234375
2024-12-26 00:00:00+00:00,95687.0,95341.890625,104216.2109375,95478.8046875,104079.296875,98304.0625,100374.5390625,97762.99609375,100915.60546875
2024-12-27 00:00:00+00:00,94168.0,91835.4921875,100097.109375,91972.40625,99960.1953125,95046.0234375,97728.3671875,94504.95703125,98269.43359375
2024-12-28 00:00:00+00:00,95139.0,90302.4609375,98916.109375,90439.375,98779.1953125,93895.109375,96528.7265625,93354.04296875,97069.79296875
2024-12-29 00:00:00+00:00,93557.0,92078.484375,99152.421875,92215.3984375,99015.5078125,95172.25,96964.796875,94631.18359375,97505.86328125
2024-12-30 00:00:00+00:00,92628.0,89232.1875,96876.4140625,89369.1015625,96739.5,93145.2109375,95478.3203125,92604.14453125,96019.38671875
2024-12-31 00:00:00+00:00,93381.0,88372.1328125,96086.0,88509.046875,95949.0859375,92625.078125,94393.296875,92084.01171875,94934.36328125
2025-01-01 00:00:00+00:00,94388.0,89297.7734375,96267.65625,89434.6875,96130.7421875,93043.6640625,94835.234375,92502.59765625,95376.30078125
2025-01-02 00:00:00+00:00,96907.0,90617.3515625,98209.703125,90754.265625,98072.7890625,93688.890625,95149.5703125,93147.82421875,95690.63671875
2025-01-03 00:00:00+00:00,98133.0,92920.6171875,101293.5234375,93057.53125,101156.609375,96172.2265625,97767.734375,95631.16015625,98308.80078125
2025-01-04 00:00:00+00:00,98209.0,94844.359375,104035.8203125,94981.2734375,103898.90625,97753.6640625,99454.2890625,97212.59765625,99995.35546875
2025-01-05 00:00:00+00:00,98327.0,95507.21875,104034.984375,95644.1328125,103898.0703125,98272.8515625,99662.859375,97731.78515625,100203.92578125
2025-01-06 00:00:00+00:00,102280.0,95910.1484375,103734.828125,96047.0625,103597.9140625,98765.203125,99996.7734375,98224.13671875,100537.83984375
2025-01-07 00:00:00+00:00,96946.0,99471.6328125,107697.4296875,99608.546875,107560.515625,102000.9765625,103903.7109375,101459.91015625,104444.77734375
2025-01-08 00:00:00+00:00,95065.0,93959.78125,101776.90625,94096.6953125,101639.9921875,96352.5703125,98905.3125,95811.50390625,99446.37890625
2025-01-09 00:00:00+00:00,92542.0,90846.828125,98954.21875,90983.7421875,98817.3046875,94376.9921875,96461.859375,93835.92578125,97002.92578125
2025-01-10 00:00:00+00:00,94702.0,87666.171875,96214.90625,87803.0859375,96077.9921875,92059.703125,94053.984375,91518.63671875,94595.05078125
2025-01-11 00:00:00+00:00,94568.0,90652.765625,98486.078125,90789.6796875,98349.1640625,94059.8359375,95940.921875,93518.76953125,96481.98828125
2025-01-12 00:00:00+00:00,94497.0,90899.265625,98378.5625,91036.1796875,98241.6484375,94162.859375,95907.3828125,93621.79296875,96448.44921875
2025-01-13 00:00:00+00:00,94505.0,91294.5390625,98638.0859375,91431.453125,98501.171875,94235.8515625,96066.4765625,93694.78515625,96607.54296875
2025-01-14 00:00:00+00:00,96523.0,92539.375,99076.4921875,92676.2890625,98939.578125,94547.453125,96558.9765625,94006.38671875,97100.04296875
2025-01-15 00:00:00+00:00,100512.0,93881.59375,100689.5390625,94018.5078125,100552.625,96571.5703125,97913.8671875,96030.50390625,98454.93359375
2025-01-16 00:00:00+00:00,99975.0,97884.15625,105417.953125,98021.0703125,105281.0390625,99789.796875,101266.2734375,99248.73046875,101807.33984375
2025-01-17 00:00:00+00:00,104119.0,97414.625,104345.3203125,97551.5390625,104208.40625,98771.3203125,100323.3359375,98230.25390625,100864.40234375
2025-01-18 00:00:00+00:00,104436.0,100630.9140625,108816.09375,100767.828125,108679.1796875,102577.4921875,104268.671875,102036.42578125,104809.73828125
2025-01-19 00:00:00+00:00,101237.0,100603.40625,108705.3515625,100740.3203125,108568.4375,103091.046875,104723.9375,102549.98046875,105265.00390625
2025-01-20 00:00:00+00:00,102141.0,97077.21875,105196.78125,97214.1328125,105059.8671875,99917.0234375,101507.7734375,99375.95703125,102048.83984375
2025-01-21 00:00:00+00:00,106149.0,98438.1484375,106079.1171875,98575.0625,105942.203125,101202.96875,102886.140625,100661.90234375,103427.20703125
2025-01-22 00:00:00+00:00,103632.0,102108.0625,110026.6015625,102244.9765625,109889.6875,104796.0,106692.4921875,104254.93359375,107233.55859375
2025-01-23 00:00:00+00:00,103933.0,100338.125,107671.5078125,100475.0390625,107534.59375,102699.8828125,104286.265625,102158.81640625,104827.33203125
2025-01-24 00:00:00+00:00,104855.0,100287.5625,107869.0546875,100424.4765625,107732.140625,103012.25,104867.984375,102471.18359375,105409.05078125
2025-01-25 00:00:00+00:00,104738.0,101623.546875,108877.40625,101760.4609375,108740.4921875,104024.7109375,105704.9765625,103483.64453125,106246.04296875
2025-01-26 00:00:00+00:00,102573.0,100803.1640625,108503.15625,100940.078125,108366.2421875,103949.796875,105742.7265625,103408.73046875,106283.79296875
2025-01-27 00:00:00+00:00,102090.0,98261.015625,106542.3125,98397.9296875,106405.3984375,102036.6328125,104163.2421875,101495.56640625,104704.30859375
2025-01-28 00:00:00+00:00,101292.0,98136.890625,106101.7578125,98273.8046875,105964.84375,101964.2578125,103928.9765625,101423.19140625,104470.04296875
2025-01-29 00:00:00+00:00,103747.0,97427.9921875,105505.25,97564.90625,105368.3359375,100328.96875,102851.15625,99787.90234375,103392.22265625
2025-01-30 00:00:00+00:00,104738.0,100110.1640625,107471.875,100247.078125,107334.9609375,102909.5546875,105245.3828125,102368.48828125,105786.44921875
2025-01-31 00:00:00+00:00,102412.0,100958.875,108225.65625,101095.7890625,108088.7421875,103829.15625,105989.953125,103288.08984375,106531.01953125
2025-02-01 00:00:00+00:00,100638.0,99054.578125,106770.328125,99191.4921875,106633.4140625,101857.84375,104280.5234375,101316.77734375,104821.58984375
2025-02-02 00:00:00+00:00,97675.0,96821.28125,104890.796875,96958.1953125,104753.8828125,99615.859375,101666.75,99074.79296875,102207.81640625
2025-02-03 00:00:00+00:00,101457.0,92204.6015625,101577.796875,92341.515625,101440.8828125,97532.71875,99189.0859375,96991.65234375,99730.15234375
2025-02-04 00:00:00+00:00,97786.0,96070.5546875,104429.4453125,96207.46875,104292.53125,100152.703125,102443.1015625,99611.63671875,102984.16796875
2025-02-05 00:00:00+00:00,96614.0,93330.78125,101910.75,93467.6953125,101773.8359375,96586.578125,99317.1328125,96045.51171875,99858.19921875
2025-02-06 00:00:00+00:00,96573.0,92800.8203125,101033.0234375,92937.734375,100896.109375,95627.875,98205.9765625,95086.80859375,98747.04296875
2025-02-07 00:00:00+00:00,96535.0,92990.09375,100954.4296875,93127.0078125,100817.515625,96001.2421875,98031.625,95460.17578125,98572.69140625
2025-02-08 00:00:00+00:00,96472.0,92640.90625,100278.5234375,92777.8203125,100141.609375,95458.1640625,97523.2109375,94917.09765625,98064.27734375
2025-02-09 00:00:00+00:00,96477.0,92688.46875,100462.9140625,92825.3828125,100326.0,95546.28125,97446.90625,95005.21484375,97987.97265625
2025-02-10 00:00:00+00:00,97469.0,93169.8359375,100440.3046875,93306.75,100303.390625,95818.109375,97585.21875,95277.04296875,98126.28515625
2025-02-11 00:00:00+00:00,95754.0,93517.375,101013.90625,93654.2890625,100876.9921875,95621.0078125,97274.9140625,95079.94140625,97815.98046875
2025-02-12 00:00:00+00:00,97882.0,91661.234375,99466.5,91798.1484375,99329.5859375,94356.65625,95822.3828125,93815.58984375,96363.44921875
2025-02-13 00:00:00+00:00,96627.0,93804.984375,101288.9375,93941.8984375,101152.0234375,96963.8984375,98268.890625,96422.83203125,98809.95703125
2025-02-14 00:00:00+00:00,97520.0,93550.8046875,100689.4140625,93687.71875,100552.5,96274.3203125,97417.1328125,95733.25390625,97958.19921875
2025-02-15 00:00:00+00:00,97591.0,94768.9921875,101093.0390625,94905.90625,100956.125,96991.4609375,98483.859375,96450.39453125,99024.92578125
2025-02-16 00:00:00+00:00,96132.0,94613.0546875,100844.2890625,94749.96875,100707.375,96922.9609375,98245.578125,96381.89453125,98786.64453125
2025-02-17 00:00:00+00:00,95772.0,93305.8046875,99913.296875,93442.71875,99776.3828125,95423.390625,96721.9140625,94882.32421875,97262.98046875
2025-02-18 00:00:00+00:00,95612.0,93206.8359375,99798.765625,93343.75,99661.8515625,95298.09375,96594.171875,94757.02734375,97135.23828125
2025-02-19 00:00:00+00:00,96642.0,92972.4296875,99614.84375,93109.34375,99477.9296875,95095.6875,96316.7734375,94554.62109375,96857.83984375
2025-02-20 00:00:00+00:00,98337.0,93581.453125,100092.515625,93718.3671875,99955.6015625,95847.8984375,97000.8515625,95306.83203125,97541.91796875
2025-02-21 00:00:00+00:00,96131.0,95402.46875,102051.6015625,95539.3828125,101914.6875,97637.2265625,99373.296875,97096.16015625,99914.36328125
2025-02-22 00:00:00+00:00,96572.0,94163.2421875,100310.90625,94300.15625,100173.9921875,96091.7734375,97681.5234375,95550.70703125,98222.58984375
2025-02-23 00:00:00+00:00,96262.0,94321.53125,100454.109375,94458.4453125,100317.1953125,96299.8984375,97563.953125,95758.83203125,98105.01953125
2025-02-24 00:00:00+00:00,91554.0,93355.6484375,99394.2421875,93492.5625,99257.328125,96198.078125,97200.890625,95657.01171875,97741.95703125
2025-02-25 00:00:00+00:00,88576.0,87062.6328125,94659.578125,87199.546875,94522.6640625,90917.09375,92869.0625,90376.02734375,93410.12890625
2025-02-26 00:00:00+00:00,84071.0,83988.0,91624.015625,84124.9140625,91487.1015625,87511.25,89938.1171875,86970.18359375,90479.18359375
2025-02-27 00:00:00+00:00,84639.0,77244.484375,86705.1796875,77381.3984375,86568.265625,82494.2265625,84614.6640625,81953.16015625,85155.73046875
2025-02-28 00:00:00+00:00,84321.0,78767.734375,86968.4609375,78904.6484375,86831.546875,82885.234375,85013.0625,82344.16796875,85554.12890625
2025-03-01 00:00:00+00:00,86033.0,78999.453125,86996.1171875,79136.3671875,86859.203125,83492.3984375,85031.53125,82951.33203125,85572.59765625
2025-03-02 00:00:00+00:00,94273.0,81584.2421875,88912.1015625,81721.15625,88775.1875,85796.9375,87507.9921875,85255.87109375,88049.05859375
2025-03-03 00:00:00+00:00,86160.0,89187.671875,99129.90625,89324.5859375,98992.9921875,94773.0078125,97651.7578125,94231.94140625,98192.82421875
2025-03-04 00:00:00+00:00,87240.0,81379.5390625,88825.078125,81516.453125,88688.1640625,86297.3203125,88491.6015625,85756.25390625,89032.66796875
2025-03-05 00:00:00+00:00,90611.0,82625.40625,90068.734375,82762.3203125,89931.8203125,87180.0859375,89370.515625,86639.01953125,89911.58203125
2025-03-06 00:00:00+00:00,89918.0,86724.1875,93723.3125,86861.1015625,93586.3984375,90631.6953125,92968.171875,90090.62890625,93509.23828125
2025-03-07 00:00:00+00:00,86759.0,86402.0,93262.4453125,86538.9140625,93125.53125,89520.4375,91509.484375,88979.37109375,92050.55078125
2025-03-08 00:00:00+00:00,86192.0,82726.546875,90044.4453125,82863.4609375,89907.53125,86605.4375,88864.6015625,86064.37109375,89405.66796875
2025-03-09 00:00:00+00:00,80708.0,81915.7734375,89434.640625,82052.6875,89297.7265625,86235.015625,88326.625,85693.94921875,88867.69140625
2025-03-10 00:00:00+00:00,78561.0,76432.828125,84849.3671875,76569.7421875,84712.453125,81527.359375,84322.5,80986.29296875,84863.56640625
2025-03-11 00:00:00+00:00,82869.0,73792.2265625,82800.3203125,73929.140625,82663.40625,79080.609375,81526.546875,78539.54296875,82067.61328125
2025-03-12 00:00:00+00:00,83620.0,78603.2578125,86877.921875,78740.171875,86741.0078125,83320.5390625,86018.2265625,82779.47265625,86559.29296875
2025-03-13 00:00:00+00:00,81079.0,79512.296875,87039.9453125,79649.2109375,86903.03125,84000.390625,86091.015625,83459.32421875,86632.08203125
2025-03-14 00:00:00+00:00,83975.0,77816.15625,84755.1796875,77953.0703125,84618.265625,81998.03125,84087.734375,81456.96484375,84628.80078125
2025-03-15 00:00:00+00:00,84347.0,79485.96875,86245.3828125,79622.8828125,86108.46875,84265.34375,86507.4921875,83724.27734375,87048.55859375
2025-03-16 00:00:00+00:00,82555.0,79554.375,86313.6796875,79691.2890625,86176.765625,84542.84375,86583.046875,84001.77734375,87124.11328125
2025-03-17 00:00:00+00:00,84058.0,77975.3984375,84829.75,78112.3125,84692.8359375,83149.125,85362.796875,82608.05859375,85903.86328125
2025-03-18 00:00:00+00:00,82715.0,79339.0546875,85819.96875,79475.96875,85683.0546875,84077.7734375,86041.1875,83536.70703125,86582.25390625
2025-03-19 00:00:00+00:00,86868.0,78512.890625,85125.9140625,78649.8046875,84989.0,82916.5625,84984.953125,82375.49609375,85526.01953125
2025-03-20 00:00:00+00:00,84158.0,81881.34375,87887.4609375,82018.2578125,87750.546875,85712.3203125,88148.015625,85171.25390625,88689.08203125
2025-03-21 00:00:00+00:00,84061.0,80178.1953125,85696.765625,80315.109375,85559.8515625,84147.8125,86376.0234375,83606.74609375,86917.08984375
2025-03-22 00:00:00+00:00,83823.0,80363.0859375,85810.5625,80500.0,85673.6484375,83988.828125,86253.9765625,83447.76171875,86795.04296875
2025-03-23 00:00:00+00:00,86084.0,80717.6640625,86054.8828125,80854.578125,85917.96875,83774.3046875,85850.65625,83233.23828125,86391.72265625
2025-03-24 00:00:00+00:00,87512.0,82242.640625,87558.4765625,82379.5546875,87421.5625,84918.28125,87006.8515625,84377.21484375,87547.91796875
2025-03-25 00:00:00+00:00,87436.0,83294.8046875,89088.140625,83431.71875,88951.2265625,86404.890625,88736.515625,85863.82421875,89277.58203125
2025-03-26 00:00:00+00:00,86913.0,83927.4375,89265.984375,84064.3515625,89129.0703125,87025.046875,89150.125,86483.98046875,89691.19140625
2025-03-27 00:00:00+00:00,87219.0,83855.390625,89034.8203125,83992.3046875,88897.90625,86771.96875,88476.359375,86230.90234375,89017.42578125
2025-03-28 00:00:00+00:00,84379.0,83987.578125,89160.6875,84124.4921875,89023.7734375,87070.0703125,88510.984375,86529.00390625,89052.05078125
2025-03-29 00:00:00+00:00,82608.0,81754.4765625,87191.078125,81891.390625,87054.1640625,85204.703125,86873.6953125,84663.63671875,87414.76171875
2025-03-30 00:00:00+00:00,82359.0,80251.03125,85540.0625,80387.9453125,85403.1484375,83618.203125,85333.3046875,83077.13671875,85874.37109375
2025-03-31 00:00:00+00:00,82538.0,79550.0546875,85085.546875,79686.96875,84948.6328125,83270.28125,84957.046875,82729.21484375,85498.11328125
2025-04-01 00:00:00+00:00,85170.0,79620.3125,84823.828125,79757.2265625,84686.9140625,82797.25,84375.3046875,82256.18359375,84916.37109375
2025-04-02 00:00:00+00:00,82502.0,81042.328125,86701.1875,81179.2421875,86564.2734375,84643.71875,86094.265625,84102.65234375,86635.33203125
2025-04-03 00:00:00+00:00,83132.0,79843.640625,85152.9375,79980.5546875,85016.0234375,83167.3046875,84857.625,82626.23828125,85398.69140625
2025-04-04 00:00:00+00:00,83851.0,79922.1484375,85157.65625,80059.0625,85020.7421875,83654.8828125,85011.75,83113.81640625,85552.81640625
2025-04-05 00:00:00+00:00,83507.0,80700.9609375,85616.5625,80837.875,85479.6484375,84128.59375,85549.1875,83587.52734375,86090.25390625
2025-04-06 00:00:00+00:00,78342.0,80707.8984375,85612.6171875,80844.8125,85475.703125,83809.0703125,85247.2578125,83268.00390625,85788.32421875
2025-04-07 00:00:00+00:00,79127.0,77335.1875,83042.8984375,77472.1015625,82905.984375,80813.109375,82656.234375,80272.04296875,83197.30078125
2025-04-08 00:00:00+00:00,76244.0,77261.0390625,83310.359375,77397.953125,83173.4453125,80722.984375,82636.703125,80181.91796875,83177.76953125
2025-04-09 00:00:00+00:00,82595.0,74265.9375,80855.40625,74402.8515625,80718.4921875,78282.671875,80482.8125,77741.60546875,81023.87890625
2025-04-10 00:00:00+00:00,79543.0,78478.21875,85781.234375,78615.1328125,85644.3203125,81916.359375,83989.578125,81375.29296875,84530.64453125
2025-04-11 00:00:00+00:00,83384.0,76926.59375,83018.8984375,77063.5078125,82881.984375,80292.7578125,82291.671875,79751.69140625,82832.73828125
2025-04-12 00:00:00+00:00,85274.0,79172.2578125,85122.0859375,79309.171875,84985.171875,82501.6953125,84568.671875,81960.62890625,85109.73828125
2025-04-13 00:00:00+00:00,83712.0,80546.828125,86186.9375,80683.7421875,86050.0234375,84526.1640625,86789.796875,83985.09765625,87330.86328125
2025-04-14 00:00:00+00:00,84583.0,80356.03125,85877.1171875,80492.9453125,85740.203125,83688.390625,85703.8828125,83147.32421875,86244.94921875
2025-04-15 00:00:00+00:00,83686.0,81736.015625,87000.5625,81872.9296875,86863.6484375,84175.8671875,86419.0078125,83634.80078125,86960.07421875
2025-04-16 00:00:00+00:00,84046.0,81201.140625,86498.0703125,81338.0546875,86361.15625,84002.3984375,85928.2734375,83461.33203125,86469.33984375
2025-04-17 00:00:00+00:00,84954.0,80776.6953125,86148.9375,80913.609375,86012.0234375,84121.96875,85871.0625,83580.90234375,86412.12890625
2025-04-18 00:00:00+00:00,84468.0,81427.078125,87101.40625,81563.9921875,86964.4921875,84384.734375,86608.6953125,83843.66796875,87149.76171875
2025-04-19 00:00:00+00:00,85069.0,81619.109375,86972.0625,81756.0234375,86835.1484375,84593.2734375,86250.84375,84052.20703125,86791.91015625
2025-04-20 00:00:00+00:00,85198.0,82000.359375,87358.4375,82137.2734375,87221.5234375,85153.7109375,86567.2890625,84612.64453125,87108.35546875
2025-04-21 00:00:00+00:00,87505.0,82259.9296875,87365.453125,82396.84375,87228.5390625,85114.890625,86519.84375,84573.82421875,87060.91015625
2025-04-22 00:00:00+00:00,93481.0,84310.3203125,89895.1484375,84447.234375,89758.234375,86954.3203125,88538.234375,86413.25390625,89079.30078125
2025-04-23 00:00:00+00:00,93730.0,87703.78125,95847.3203125,87840.6953125,95710.40625,92837.53125,95509.5625,92296.46484375,96050.62890625
2025-04-24 00:00:00+00:00,94010.0,89448.53125,98215.4375,89585.4453125,98078.5234375,93738.90625,95221.015625,93197.83984375,95762.08203125
2025-04-25 00:00:00+00:00,94726.0,89397.4296875,97427.53125,89534.34375,97290.6171875,94213.2578125,95452.9453125,93672.19140625,95994.01171875
2025-04-26 00:00:00+00:00,94662.0,91116.0234375,99061.4609375,91252.9375,98924.546875,95199.046875,95944.953125,94657.98046875,96486.01953125
2025-04-27 00:00:00+00:00,93769.0,91577.7109375,98939.703125,91714.625,98802.7890625,95298.203125,96158.2734375,94757.13671875,96699.33984375
2025-04-28 00:00:00+00:00,95041.0,91122.390625,98133.75,91259.3046875,97996.8359375,94501.2421875,95365.828125,93960.17578125,95906.89453125
2025-04-29 00:00:00+00:00,94285.0,92426.0390625,98796.5625,92562.953125,98659.6484375,95164.4375,96163.4765625,94623.37109375,96704.54296875
2025-04-30 00:00:00+00:00,94181.0,91822.9296875,97596.03125,91959.84375,97459.1171875,94801.1328125,95884.5625,94260.06640625,96425.62890625
2025-05-01 00:00:00+00:00,96535.0,91962.015625,97373.8828125,92098.9296875,97236.96875,94512.3515625,95731.09375,93971.28515625,96272.16015625
2025-05-02 00:00:00+00:00,96925.0,94192.640625,99459.0234375,94329.5546875,99322.109375,96190.21875,97266.1015625,95649.15234375,97807.16796875
2025-05-03 00:00:00+00:00,95916.0,94119.25,99570.1953125,94256.1640625,99433.28125,96772.328125,98017.0625,96231.26171875,98558.12890625
2025-05-04 00:00:00+00:00,94316.0,93148.0703125,98895.4609375,93284.984375,98758.546875,96090.390625,97416.3046875,95549.32421875,97957.37109375
2025-05-05 00:00:00+00:00,94725.0,92053.53125,97747.6484375,92190.4453125,97610.734375,94574.671875,96071.703125,94033.60546875,96612.76953125
2025-05-06 00:00:00+00:00,96814.0,92100.546875,97561.953125,92237.4609375,97425.0390625,94375.671875,95935.328125,93834.60546875,96476.39453125
2025-05-07 00:00:00+00:00,97054.0,93819.5078125,99111.1015625,93956.421875,98974.1875,95773.65625,96993.546875,95232.58984375,97534.61328125
2025-05-08 00:00:00+00:00,103261.0,94348.125,99280.0390625,94485.0390625,99143.125,96533.015625,97803.5859375,95991.94921875,98344.65234375
2025-05-09 00:00:00+00:00,102991.0,98832.7109375,104896.9296875,98969.625,104760.015625,100166.3203125,102939.0234375,99625.25390625,103480.08984375
2025-05-10 00:00:00+00:00,104809.0,99367.6171875,105539.9609375,99504.53125,105403.046875,101557.6640625,104013.140625,101016.59765625,104554.20703125
2025-05-11 00:00:00+00:00,104129.0,101004.78125,107387.9375,101141.6953125,107251.0234375,103360.9453125,105539.6328125,102819.87890625,106080.69921875
2025-05-12 00:00:00+00:00,102796.0,100457.8671875,107043.3671875,100594.78125,106906.453125,103468.3671875,105516.3359375,102927.30078125,106057.40234375
2025-05-13 00:00:00+00:00,104135.0,99938.9453125,105948.109375,100075.859375,105811.1953125,102618.15625,104898.8828125,102077.08984375,105439.94921875
2025-05-14 00:00:00+00:00,103531.0,101760.2265625,107594.7578125,101897.140625,107457.84375,103341.921875,105279.65625,102800.85546875,105820.72265625
2025-05-15 00:00:00+00:00,103793.0,101287.2890625,106855.765625,101424.203125,106718.8515625,103339.5234375,105097.703125,102798.45703125,105638.76953125
2025-05-16 00:00:00+00:00,103506.0,101726.140625,107049.0546875,101863.0546875,106912.140625,103501.1171875,105393.71875,102960.05078125,105934.78515625
2025-05-17 00:00:00+00:00,103153.0,101467.203125,106628.5546875,101604.1171875,106491.640625,103257.6640625,104931.234375,102716.59765625,105472.30078125
2025-05-18 00:00:00+00:00,106520.0,100989.2734375,106028.953125,101126.1875,105892.0390625,102769.4609375,104374.0546875,102228.39453125,104915.12109375
2025-05-19 00:00:00+00:00,105622.0,103514.7734375,108916.96875,103651.6875,108780.0546875,105248.3828125,107170.765625,104707.31640625,107711.83203125
2025-05-20 00:00:00+00:00,106855.0,103047.203125,108714.484375,103184.1171875,108577.5703125,105058.953125,106979.109375,104517.88671875,107520.17578125
2025-05-21 00:00:00+00:00,109682.0,104602.3515625,110226.6796875,104739.265625,110089.765625,106304.1640625,107969.8671875,105763.09765625,108510.93359375
2025-05-22 00:00:00+00:00,111743.0,107504.234375,113414.1875,107641.1484375,113277.2734375,108659.3671875,110454.34375,108118.30078125,110995.41015625
2025-05-23 00:00:00+00:00,107329.0,109772.3203125,116074.03125,109909.234375,115937.1171875,111211.28125,113200.7109375,110670.21484375,113741.77734375
2025-05-24 00:00:00+00:00,107799.0,105492.796875,111292.421875,105629.7109375,111155.5078125,107940.7265625,110319.96875,107399.66015625,110861.03515625
2025-05-25 00:00:00+00:00,109068.0,105959.203125,111798.3984375,106096.1171875,111661.484375,108036.625,110216.609375,107495.55859375,110757.67578125
2025-05-26 00:00:00+00:00,109468.0,107421.765625,113138.9453125,107558.6796875,113002.03125,108979.8984375,111121.6796875,108438.83203125,111662.74609375
2025-05-27 00:00:00+00:00,108980.0,107309.328125,112979.953125,107446.2421875,112843.0390625,110026.203125,111994.84375,109485.13671875,112535.91015625
2025-05-28 00:00:00+00:00,107811.0,106831.7265625,112758.515625,106968.640625,112621.6015625,109562.34375,111641.0546875,109021.27734375,112182.12109375
2025-05-29 00:00:00+00:00,105578.0,106205.1875,111926.578125,106342.1015625,111789.6640625,108780.9765625,110817.671875,108239.91015625,111358.73828125
2025-05-30 00:00:00+00:00,104034.0,103094.5703125,109320.34375,103231.484375,109183.4296875,106617.4453125,108625.1796875,106076.37890625,109166.24609375
2025-05-31 00:00:00+00:00,104646.0,101304.1875,108125.890625,101441.1015625,107988.9765625,105167.09375,107044.78125,104626.02734375,107585.84765625
2025-06-01 00:00:00+00:00,105705.0,102434.1015625,108778.5859375,102571.015625,108641.671875,105044.0703125,106913.1015625,104503.00390625,107454.16796875
2025-06-02 00:00:00+00:00,105905.0,103927.46875,109912.46875,104064.3828125,109775.5546875,105781.984375,107463.890625,105240.91796875,108004.95703125
2025-06-03 00:00:00+00:00,105454.0,104253.5390625,109830.78125,104390.453125,109693.8671875,106051.5234375,107356.2890625,105510.45703125,107897.35546875
2025-06-04 00:00:00+00:00,104745.0,103280.296875,109142.5390625,103417.2109375,109005.625,105756.5,107003.6484375,105215.43359375,107544.71484375
2025-06-05 00:00:00+00:00,101559.0,102425.1953125,108601.0859375,102562.109375,108464.171875,105021.6640625,106665.2421875,104480.59765625,107206.30859375
2025-06-06 00:00:00+00:00,104393.0,99073.71875,106036.5,99210.6328125,105899.5859375,101955.6171875,104331.8828125,101414.55078125,104872.94921875
2025-06-07 00:00:00+00:00,105619.0,102082.0390625,108178.765625,102218.953125,108041.8515625,103870.0078125,106057.3359375,103328.94140625,106598.40234375
2025-06-08 00:00:00+00:00,105792.0,103629.9375,109563.546875,103766.8515625,109426.6328125,105426.8828125,106797.171875,104885.81640625,107338.23828125
2025-06-09 00:00:00+00:00,110307.0,104059.484375,109877.2421875,104196.3984375,109740.328125,105809.7734375,106925.90625,105268.70703125,107466.97265625
2025-06-10 00:00:00+00:00,110292.0,107481.3515625,113819.78125,107618.265625,113682.8671875,109230.8359375,110872.328125,108689.76953125,111413.39453125
2025-06-11 00:00:00+00:00,108678.0,108520.8671875,114542.1015625,108657.78125,114405.1875,109829.4296875,111276.0078125,109288.36328125,111817.07421875
2025-06-12 00:00:00+00:00,105731.0,106765.578125,112462.7890625,106902.4921875,112325.875,108553.953125,110077.1875,108012.88671875,110618.25390625
2025-06-13 00:00:00+00:00,106118.0,103961.3671875,110164.6484375,104098.28125,110027.734375,106122.6796875,107601.421875,105581.61328125,108142.48828125
2025-06-14 00:00:00+00:00,105464.0,104612.7578125,110306.109375,104749.671875,110169.1953125,106571.9453125,107637.0625,106030.87890625,108178.12890625
2025-06-15 00:00:00+00:00,105617.0,103398.1796875,109234.1640625,103535.09375,109097.25,105861.7578125,107171.21875,105320.69140625,107712.28515625
2025-06-16 00:00:00+00:00,106829.0,103139.828125,109215.359375,103276.7421875,109078.4453125,105903.5859375,106872.453125,105362.51953125,107413.51953125
2025-06-17 00:00:00+00:00,104584.0,104432.21875,110035.9140625,104569.1328125,109899.0,107165.9296875,108293.4453125,106624.86328125,108834.51171875
2025-06-18 00:00:00+00:00,104922.0,102751.546875,108625.4921875,102888.4609375,108488.578125,105053.4921875,106503.5,104512.42578125,107044.56640625
2025-06-19 00:00:00+00:00,104688.0,102970.09375,108574.6484375,103107.0078125,108437.734375,105479.1796875,106466.8984375,104938.11328125,107007.96484375
2025-06-20 00:00:00+00:00,103316.0,102577.890625,108195.828125,102714.8046875,108058.9140625,105041.015625,106122.5234375,104499.94921875,106663.58984375
2025-06-21 00:00:00+00:00,102139.0,100913.1015625,106970.8359375,101050.015625,106833.921875,103776.578125,105092.0078125,103235.51171875,105633.07421875
2025-06-22 00:00:00+00:00,101015.0,100119.3046875,106191.0703125,100256.21875,106054.15625,102649.3671875,103860.6328125,102108.30078125,104401.69921875
2025-06-23 00:00:00+00:00,105464.0,98808.828125,104996.765625,98945.7421875,104859.8515625,101122.9921875,102494.265625,100581.92578125,103035.33203125
2025-06-24 00:00:00+00:00,106131.0,102978.6953125,108651.625,103115.609375,108514.7109375,104745.890625,106204.7421875,104204.82421875,106745.80859375
2025-06-25 00:00:00+00:00,107418.0,104167.5546875,109750.203125,104304.46875,109613.2890625,105707.90625,107309.2265625,105166.83984375,107850.29296875
2025-06-26 00:00:00+00:00,107004.0,104863.2265625,110490.4375,105000.140625,110353.5234375,107032.5703125,108782.9609375,106491.50390625,109324.02734375
2025-06-27 00:00:00+00:00,107100.0,104803.34375,110266.1953125,104940.2578125,110129.28125,106781.09375,108429.46875,106240.02734375,108970.53515625
2025-06-28 00:00:00+00:00,107348.0,104789.59375,110146.46875,104926.5078125,110009.5546875,106889.1875,108476.9453125,106348.12109375,109018.01171875
2025-06-29 00:00:00+00:00,108384.0,104671.453125,110321.859375,104808.3671875,110184.9453125,107188.0859375,108740.4921875,106647.01953125,109281.55859375
2025-06-30 00:00:00+00:00,107179.0,106030.203125,111477.0,106167.1171875,111340.0859375,108165.453125,109644.5703125,107624.38671875,110185.63671875
2025-07-01 00:00:00+00:00,105709.0,105103.421875,110610.546875,105240.3359375,110473.6328125,107038.9296875,108631.0234375,106497.86328125,109172.08984375
2025-07-02 00:00:00+00:00,108885.0,103379.6484375,109333.421875,103516.5625,109196.5078125,105825.5390625,107384.828125,105284.47265625,107925.89453125
2025-07-03 00:00:00+00:00,109648.0,106077.546875,111877.046875,106214.4609375,111740.1328125,108545.4375,110127.890625,108004.37109375,110668.95703125
2025-07-04 00:00:00+00:00,108033.0,106316.703125,112189.109375,106453.6171875,112052.1953125,109211.5078125,110928.546875,108670.44140625,111469.61328125
2025-07-05 00:00:00+00:00,108240.0,105261.671875,111046.9765625,105398.5859375,110910.0625,107881.328125,109532.40625,107340.26171875,110073.47265625
2025-07-06 00:00:00+00:00,109233.0,105328.7578125,111009.9296875,105465.671875,110873.015625,108122.75,109919.9609375,107581.68359375,110461.02734375
2025-07-07 00:00:00+00:00,108287.0,106219.171875,111842.328125,106356.0859375,111705.4140625,109225.1015625,110927.1171875,108684.03515625,111468.18359375
2025-07-08 00:00:00+00:00,108947.0,105943.453125,111495.6953125,106080.3671875,111358.78125,108578.015625,110212.0078125,108036.94921875,110753.07421875
2025-07-09 00:00:00+00:00,111287.0,106708.84375,111897.4453125,106845.7578125,111760.53125,108844.8828125,110619.703125,108303.81640625,111160.76953125
2025-07-10 00:00:00+00:00,116031.0,108727.2421875,113962.6015625,108864.15625,113825.6875,110463.828125,112242.1015625,109922.76171875,112783.16796875
2025-07-11 00:00:00+00:00,117579.0,113143.21875,119640.921875,113280.1328125,119504.0078125,114358.65625,116827.0,113817.58984375,117368.06640625
2025-07-12 00:00:00+00:00,117464.0,114644.375,121325.0546875,114781.2890625,121188.140625,116272.8046875,118434.2421875,115731.73828125,118975.30859375
2025-07-13 00:00:00+00:00,119135.0,114827.1875,121098.640625,114964.1015625,120961.7265625,116444.375,118490.796875,115903.30859375,119031.86328125
2025-07-14 00:00:00+00:00,119879.0,116787.25,123110.9296875,116924.1640625,122974.015625,118845.390625,120916.5859375,118304.32421875,121457.65234375
2025-07-15 00:00:00+00:00,117769.0,117489.0546875,123757.21875,117625.96875,123620.3046875,119997.3671875,121722.96875,119456.30078125,122264.03515625
2025-07-16 00:00:00+00:00,118718.0,114619.5078125,120458.203125,114756.421875,120321.2890625,117309.9296875,119446.90625,116768.86328125,119987.97265625
2025-07-17 00:00:00+00:00,119275.0,116059.984375,121796.2734375,116196.8984375,121659.359375,118435.390625,120431.671875,117894.32421875,120972.73828125
2025-07-18 00:00:00+00:00,118022.0,116474.59375,122284.171875,116611.5078125,122147.2578125,118416.234375,120469.640625,117875.16796875,121010.70703125
2025-07-19 00:00:00+00:00,117916.0,114891.7890625,120605.7109375,115028.703125,120468.796875,117329.4921875,119229.890625,116788.42578125,119770.95703125
2025-07-20 00:00:00+00:00,117339.0,114756.7734375,120401.8984375,114893.6875,120264.984375,117326.9453125,119196.2109375,116785.87890625,119737.27734375
2025-07-21 00:00:00+00:00,117437.0,114360.9921875,120158.0546875,114497.90625,120021.140625,116197.9453125,118563.84375,115656.87890625,119104.91015625
2025-07-22 00:00:00+00:00,120011.0,114635.359375,120350.796875,114772.2734375,120213.8828125,116465.953125,118584.890625,115924.88671875,119125.95703125
2025-07-23 00:00:00+00:00,118813.0,118085.765625,123996.8125,118222.6796875,123859.8984375,118887.5703125,120859.03125,118346.50390625,121400.09765625
2025-07-24 00:00:00+00:00,118347.0,117444.7109375,123127.6875,117581.625,122990.7734375,118086.0078125,119979.53125,117544.94140625,120520.59765625
2025-07-25 00:00:00+00:00,117653.0,116687.1015625,122223.109375,116824.015625,122086.1953125,118002.625,119756.8125,117461.55859375,120297.87890625
2025-07-26 00:00:00+00:00,117962.0,115470.8984375,121112.3359375,115607.8125,120975.421875,117385.8125,118934.1015625,116844.74609375,119475.16796875
2025-07-27 00:00:00+00:00,119469.0,116325.7421875,121955.703125,116462.65625,121818.7890625,118039.015625,119497.1875,117497.94921875,120038.25390625
2025-07-28 00:00:00+00:00,118051.0,117406.125,123021.8046875,117543.0390625,122884.890625,118859.1875,120382.7265625,118318.12109375,120923.79296875
2025-07-29 00:00:00+00:00,117926.0,116139.8671875,121728.125,116276.78125,121591.2109375,117589.890625,119083.6328125,117048.82421875,119624.69921875
2025-07-30 00:00:00+00:00,117834.0,115844.171875,121360.09375,115981.0859375,121223.1796875,117127.421875,118735.6484375,116586.35546875,119276.71484375
2025-07-31 00:00:00+00:00,115750.0,115728.7265625,121223.375,115865.640625,121086.4609375,117235.078125,118591.6875,116694.01171875,119132.75390625
2025-08-01 00:00:00+00:00,113243.0,112244.53125,118309.5390625,112381.4453125,118172.625,115552.9765625,117053.2734375,115011.91015625,117594.33984375
2025-08-02 00:00:00+00:00,112522.0,109202.2890625,115983.1640625,109339.203125,115846.25,112853.5625,114375.65625,112312.49609375,114916.72265625
2025-08-03 00:00:00+00:00,114226.0,108848.25,115522.546875,108985.1640625,115385.6328125,111965.0,113303.359375,111423.93359375,113844.42578125
2025-08-04 00:00:00+00:00,115051.0,111271.140625,117413.9765625,111408.0546875,117277.0625,113787.609375,115165.4765625,113246.54296875,115706.54296875
2025-08-05 00:00:00+00:00,114133.0,112438.5390625,118290.40625,112575.453125,118153.4921875,114457.640625,115791.296875,113916.57421875,116332.36328125
2025-08-06 00:00:00+00:00,115030.0,111571.8671875,117415.4453125,111708.78125,117278.53125,113457.203125,115093.28125,112916.13671875,115634.34765625
2025-08-07 00:00:00+00:00,117515.0,112688.0,118334.40625,112824.9140625,118197.4921875,114355.8984375,115878.84375,113814.83203125,116419.91015625
2025-08-08 00:00:00+00:00,116675.0,115574.234375,121365.53125,115711.1484375,121228.6171875,116914.5078125,118759.984375,116373.44140625,119301.05078125
2025-08-09 00:00:00+00:00,116495.0,114924.859375,120635.6640625,115061.7734375,120498.75,115811.5078125,117584.46875,115270.44140625,118125.53515625
2025-08-10 00:00:00+00:00,119310.0,115090.40625,120578.8125,115227.3203125,120441.8984375,115821.9609375,117498.8125,115280.89453125,118039.87890625
2025-08-11 00:00:00+00:00,118712.0,117783.625,123552.2421875,117920.5390625,123415.328125,118745.4453125,120398.6640625,118204.37890625,120939.73046875
2025-08-12 00:00:00+00:00,120107.0,117983.46875,123195.53125,118120.3828125,123058.6171875,118153.625,119548.859375,117612.55859375,120089.92578125
2025-08-13 00:00:00+00:00,123360.0,118782.671875,123823.6640625,118919.5859375,123686.75,119860.40625,121193.0078125,119319.33984375,121734.07421875
2025-08-14 00:00:00+00:00,118394.0,122151.6328125,127904.78125,122288.546875,127767.8671875,122640.0078125,124528.84375,122098.94140625,125069.91015625
2025-08-15 00:00:00+00:00,117446.0,116954.1953125,122253.453125,117091.109375,122116.5390625,117609.6484375,119525.28125,117068.58203125,120066.34765625
2025-08-16 00:00:00+00:00,117460.0,115688.765625,120903.828125,115825.6796875,120766.9140625,117297.3046875,119201.109375,116756.23828125,119742.17578125
2025-08-17 00:00:00+00:00,117490.0,115467.0703125,120625.515625,115603.984375,120488.6015625,117688.8828125,119083.0078125,117147.81640625,119624.07421875
2025-08-18 00:00:00+00:00,116265.0,115524.6484375,120592.1171875,115661.5625,120455.203125,117548.296875,118981.3046875,117007.23046875,119522.37109375
2025-08-19 00:00:00+00:00,112870.0,114648.6015625,119575.1953125,114785.515625,119438.28125,116420.4609375,117606.640625,115879.39453125,118147.70703125
2025-08-20 00:00:00+00:00,114263.0,110319.7890625,116469.9765625,110456.703125,116333.0625,112907.9140625,114325.9296875,112366.84765625,114866.99609375
2025-08-21 00:00:00+00:00,112472.0,111893.2734375,117251.3359375,112030.1875,117114.421875,113941.9453125,115468.734375,113400.87890625,116009.80078125
2025-08-22 00:00:00+00:00,116891.0,109975.0546875,115617.125,110111.96875,115480.2109375,112215.4296875,113777.6171875,111674.36328125,114318.68359375
2025-08-23 00:00:00+00:00,115392.0,114053.46875,119826.3828125,114190.3828125,119689.46875,115075.0234375,117221.46875,114533.95703125,117762.53515625
2025-08-24 00:00:00+00:00,113478.0,113243.171875,118599.703125,113380.0859375,118462.7890625,113732.7734375,116069.6328125,113191.70703125,116610.69921875
2025-08-25 00:00:00+00:00,110136.0,111394.2734375,117097.84375,111531.1875,116960.9296875,113222.5546875,114646.1015625,112681.48828125,115187.16796875
2025-08-26 00:00:00+00:00,111788.0,108351.203125,114379.671875,108488.1171875,114242.7578125,109915.1796875,112011.09375,109374.11328125,112552.16015625
2025-08-27 00:00:00+00:00,111273.0,109399.2890625,114601.96875,109536.203125,114465.0546875,111925.125,113137.4765625,111384.05859375,113678.54296875
2025-08-28 00:00:00+00:00,112581.0,108782.9609375,113903.3515625,108919.875,113766.4375,111124.21875,112374.546875,110583.15234375,112915.61328125
2025-08-29 00:00:00+00:00,108362.0,109750.390625,114571.484375,109887.3046875,114434.5703125,112499.6640625,113521.7421875,111958.59765625,114062.80859375
2025-08-30 00:00:00+00:00,108827.0,106154.3671875,112149.5625,106291.28125,112012.6484375,108526.9140625,110082.484375,107985.84765625,110623.55078125
2025-08-31 00:00:00+00:00,108269.0,106402.8203125,111511.96875,106539.734375,111375.0546875,108794.7890625,110347.125,108253.72265625,110888.19140625
2025-09-01 00:00:00+00:00,109244.0,105914.640625,110866.921875,106051.5546875,110730.0078125,108315.1875,109641.078125,107774.12109375,110182.14453125
2025-09-02 00:00:00+00:00,111238.0,106381.234375,111305.78125,106518.1484375,111168.8671875,109212.734375,110788.3046875,108671.66796875,111329.37109375
2025-09-03 00:00:00+00:00,111759.0,108598.578125,113406.7265625,108735.4921875,113269.8125,111015.5078125,113115.7734375,110474.44140625,113656.83984375
2025-09-04 00:00:00+00:00,110747.0,109586.1171875,114142.484375,109723.03125,114005.5703125,111499.5546875,113287.0078125,110958.48828125,113828.07421875
2025-09-05 00:00:00+00:00,110669.0,108360.4453125,113170.8671875,108497.359375,113033.953125,110552.6171875,112266.5703125,110011.55078125,112807.63671875
2025-09-06 00:00:00+00:00,110223.0,108386.6328125,113014.2265625,108523.546875,112877.3125,110373.4140625,111897.03125,109832.34765625,112438.09765625
2025-09-07 00:00:00+00:00,111144.0,108119.921875,112706.8359375,108256.8359375,112569.921875,110022.5234375,111603.3359375,109481.45703125,112144.40234375
2025-09-08 00:00:00+00:00,112098.0,108921.5,113413.5390625,109058.4140625,113276.625,110861.5,112417.7421875,110320.43359375,112958.80859375
2025-09-09 00:00:00+00:00,111531.0,109713.21875,114052.65625,109850.1328125,113915.7421875,111694.9921875,113347.3046875,111153.92578125,113888.37109375
2025-09-10 00:00:00+00:00,113988.0,109240.609375,113415.75,109377.5234375,113278.8359375,111113.28125,112636.3359375,110572.21484375,113177.40234375
2025-09-11 00:00:00+00:00,115533.0,111147.2734375,115472.5390625,111284.1875,115335.625,113208.515625,114999.109375,112667.44921875,115540.17578125
2025-09-12 00:00:00+00:00,116108.0,112732.6875,117035.765625,112869.6015625,116898.8515625,114554.6875,116568.5,114013.62109375,117109.56640625
2025-09-13 00:00:00+00:00,115981.0,113691.3984375,118124.53125,113828.3125,117987.6171875,115480.5859375,117319.1796875,114939.51953125,117860.24609375
2025-09-14 00:00:00+00:00,115342.0,113409.984375,117665.03125,113546.8984375,117528.1171875,115566.296875,117167.578125,115025.23046875,117708.64453125
2025-09-15 00:00:00+00:00,115387.0,112779.0,117070.328125,112915.9140625,116933.4140625,114813.40625,116334.828125,114272.33984375,116875.89453125
2025-09-16 00:00:00+00:00,116837.0,112956.7734375,117003.65625,113093.6875,116866.7421875,115205.8515625,116417.375,114664.78515625,116958.44140625
2025-09-17 00:00:00+00:00,116477.0,113744.328125,117811.7890625,113881.2421875,117674.875,116488.328125,117901.734375,115947.26171875,118442.80078125
2025-09-18 00:00:00+00:00,117125.0,113535.5703125,117539.5625,113672.484375,117402.6484375,116164.0,117565.078125,115622.93359375,118106.14453125
2025-09-19 00:00:00+00:00,115702.0,114445.046875,118375.5703125,114581.9609375,118238.65625,116643.5,118013.5390625,116102.43359375,118554.60546875
2025-09-20 00:00:00+00:00,115759.0,113495.2265625,117386.6796875,113632.140625,117249.765625,115595.296875,116915.21875,115054.23046875,117456.28515625
2025-09-21 00:00:00+00:00,115292.0,113374.546875,117555.34375,113511.4609375,117418.4296875,115704.4453125,117018.359375,115163.37890625,117559.42578125
2025-09-22 00:00:00+00:00,112741.0,113010.2578125,117154.265625,113147.171875,117017.3515625,115156.2265625,116416.2265625,114615.16015625,116957.29296875
2025-09-23 00:00:00+00:00,112025.0,110872.65625,115330.1796875,111009.5703125,115193.265625,112620.890625,113976.4921875,112079.82421875,114517.55859375
2025-09-24 00:00:00+00:00,113339.0,110114.8203125,114546.0390625,110251.734375,114409.125,111777.3125,113220.71875,111236.24609375,113761.78515625
2025-09-25 00:00:00+00:00,109021.0,111112.5625,115335.4375,111249.4765625,115198.5234375,113080.328125,114324.4609375,112539.26171875,114865.52734375
2025-09-26 00:00:00+00:00,109696.0,107445.6171875,112255.234375,107582.53125,112118.3203125,109083.7421875,110856.8125,108542.67578125,111397.87890625
2025-09-27 00:00:00+00:00,109679.0,107985.8984375,112379.875,108122.8125,112242.9609375,109865.734375,111165.78125,109324.66796875,111706.84765625
2025-09-28 00:00:00+00:00,112203.0,107939.9296875,112122.9375,108076.84375,111986.0234375,109778.6484375,111125.2109375,109237.58203125,111666.27734375
2025-09-29 00:00:00+00:00,114379.0,109503.3515625,113887.03125,109640.265625,113750.1171875,111990.296875,113313.421875,111449.23046875,113854.48828125
2025-09-30 00:00:00+00:00,114065.0,111069.8125,115557.328125,111206.7265625,115420.4140625,113866.609375,115458.8671875,113325.54296875,115999.93359375
2025-10-01 00:00:00+00:00,118668.0,111329.109375,115824.8984375,111466.0234375,115687.984375,113881.59375,115377.84375,113340.52734375,115918.91015625
2025-10-02 00:00:00+00:00,120612.0,115178.9375,120977.9375,115315.8515625,120841.0234375,117610.7265625,120067.28125,117069.66015625,120608.34765625
2025-10-03 00:00:00+00:00,122308.0,117372.7734375,123582.1875,117509.6875,123445.2734375,119212.3125,121427.6875,118671.24609375,121968.75390625
2025-10-04 00:00:00+00:00,122441.0,119068.25,125000.0078125,119205.1640625,124863.09375,121549.390625,123618.46875,121008.32421875,124159.53515625
2025-10-05 00:00:00+00:00,123519.0,119440.578125,124632.015625,119577.4921875,124495.1015625,121990.328125,123947.5859375,121449.26171875,124488.65234375
2025-10-06 00:00:00+00:00,124728.0,120947.640625,126025.65625,121084.5546875,125888.7421875,123159.640625,124978.8671875,122618.57421875,125519.93359375
2025-10-07 00:00:00+00:00,121395.0,122260.6171875,127567.9296875,122397.53125,127431.015625,124426.8515625,125970.5625,123885.78515625,126511.62890625
2025-10-08 00:00:00+00:00,123345.0,118604.796875,123751.515625,118741.7109375,123614.6015625,120354.890625,122496.890625,119813.82421875,123037.95703125
2025-10-09 00:00:00+00:00,121695.0,120991.28125,126170.84375,121128.1953125,126033.9296875,122605.984375,124295.046875,122064.91796875,124836.11328125
2025-10-10 00:00:00+00:00,112996.0,119361.640625,124580.1640625,119498.5546875,124443.25,121346.796875,122880.171875,120805.73046875,123421.23828125
2025-10-11 00:00:00+00:00,110764.0,110828.6015625,118293.1875,110965.515625,118156.2734375,112878.65625,115582.7421875,112337.58984375,116123.80859375
2025-10-12 00:00:00+00:00,115090.0,108381.5234375,116052.6171875,108518.4375,115915.703125,110656.8515625,112766.265625,110115.78515625,113307.33203125
2025-10-13 00:00:00+00:00,115265.0,113222.3671875,120839.0390625,113359.28125,120702.125,115336.7890625,117310.21875,114795.72265625,117851.28515625
2025-10-14 00:00:00+00:00,113078.0,113421.671875,120135.609375,113558.5859375,119998.6953125,115105.7890625,116824.8046875,114564.72265625,117365.87109375
2025-10-15 00:00:00+00:00,110804.0,110956.1796875,117330.265625,111093.09375,117193.3515625,113173.2265625,114933.578125,112632.16015625,115474.64453125
2025-10-16 00:00:00+00:00,108206.0,108909.859375,115156.9765625,109046.7734375,115020.0625,110851.984375,112770.03125,110310.91796875,113311.09765625
2025-10-17 00:00:00+00:00,106476.0,106057.1171875,112702.4921875,106194.03125,112565.578125,108596.453125,110521.25,108055.38671875,111062.31640625
2025-10-18 00:00:00+00:00,107220.0,103487.96875,110102.265625,103624.8828125,109965.3515625,106915.078125,108994.6015625,106374.01171875,109535.66796875
2025-10-19 00:00:00+00:00,108684.0,104322.0078125,110677.5078125,104458.921875,110540.59375,107558.0625,109389.1875,107016.99609375,109930.25390625
2025-10-20 00:00:00+00:00,110580.0,106292.890625,113176.0,106429.8046875,113039.0859375,108607.953125,110418.6171875,108066.88671875,110959.68359375
2025-10-21 00:00:00+00:00,108372.0,107859.4609375,114587.7734375,107996.375,114450.859375,110682.1640625,112346.1171875,110141.09765625,112887.18359375
2025-10-22 00:00:00+00:00,107595.0,105727.328125,111714.953125,105864.2421875,111578.0390625,108435.15625,110148.546875,107894.08984375,110689.61328125
2025-10-23 00:00:00+00:00,110111.0,105020.296875,110843.21875,105157.2109375,110706.3046875,107920.2734375,109726.5703125,107379.20703125,110267.63671875
2025-10-24 00:00:00+00:00,111039.0,107416.203125,113675.1875,107553.1171875,113538.2734375,109638.21875,111524.296875,109097.15234375,112065.36328125
2025-10-25 00:00:00+00:00,111668.0,108767.4609375,114889.28125,108904.375,114752.3671875,110828.84375,112583.9375,110287.77734375,113125.00390625
2025-10-26 00:00:00+00:00,114551.0,109572.515625,114706.625,109709.4296875,114569.7109375,111573.9140625,113303.0078125,111032.84765625,113844.07421875
2025-10-27 00:00:00+00:00,114101.0,111110.8203125,117365.4296875,111247.734375,117228.515625,114069.453125,116211.5390625,113528.38671875,116752.60546875
2025-10-28 00:00:00+00:00,112925.0,110659.71875,117093.2890625,110796.6328125,116956.375,113568.671875,115489.125,113027.60546875,116030.19140625
2025-10-29 00:00:00+00:00,110038.0,109522.84375,116032.8125,109659.7578125,115895.8984375,113084.1875,114813.0078125,112543.12109375,115354.07421875
2025-10-30 00:00:00+00:00,108306.0,106832.109375,113058.03125,106969.0234375,112921.1171875,110622.0078125,112465.828125,110080.94140625,113006.89453125
2025-10-31 00:00:00+00:00,109554.0,105011.765625,110931.296875,105148.6796875,110794.3828125,109034.3203125,110546.0859375,108493.25390625,111087.15234375
2025-11-01 00:00:00+00:00,110047.0,106220.265625,112441.6640625,106357.1796875,112304.75,110117.953125,111508.734375,109576.88671875,112049.80078125
2025-11-02 00:00:00+00:00,110530.0,106851.5078125,113397.5625,106988.421875,113260.6484375,110576.484375,111961.3125,110035.41796875,112502.37890625
2025-11-03 00:00:00+00:00,106548.0,107275.453125,113452.1640625,107412.3671875,113315.25,110827.9609375,112259.1484375,110286.89453125,112800.21484375
2025-11-04 00:00:00+00:00,101466.0,104496.7890625,110145.9375,104633.703125,110009.0234375,107604.4140625,109244.6328125,107063.34765625,109785.69921875
2025-11-05 00:00:00+00:00,103865.0,98535.796875,106162.4921875,98672.7109375,106025.578125,103650.0390625,106024.140625,103108.97265625,106565.20703125
2025-11-06 00:00:00+00:00,101284.0,100291.4375,107318.9296875,100428.3515625,107182.015625,105300.421875,107087.3203125,104759.35546875,107628.38671875
2025-11-07 00:00:00+00:00,103275.0,97949.875,105098.0625,98086.7890625,104961.1484375,102616.78125,104437.609375,102075.71484375,104978.67578125
2025-11-08 00:00:00+00:00,102286.0,99513.296875,106610.5703125,99650.2109375,106473.65625,104208.234375,106014.21875,103667.16796875,106555.28515625
2025-11-09 00:00:00+00:00,104705.0,98791.8046875,104846.6875,98928.71875,104709.7734375,103014.4765625,104649.65625,102473.41015625,105190.72265625
2025-11-10 00:00:00+00:00,105972.0,100533.515625,107261.078125,100670.4296875,107124.1640625,105109.671875,106795.6484375,104568.60546875,107336.71484375
2025-11-11 00:00:00+00:00,103015.0,102285.984375,108886.671875,102422.8984375,108749.7578125,106666.5546875,108159.015625,106125.48828125,108700.08203125
2025-11-12 00:00:00+00:00,101635.0,99273.3359375,105548.8046875,99410.25,105411.890625,103780.046875,105297.1875,103238.98046875,105838.25390625
2025-11-13 00:00:00+00:00,99618.0,99041.953125,104557.234375,99178.8671875,104420.3203125,102368.640625,103755.171875,101827.57421875,104296.23828125
2025-11-14 00:00:00+00:00,94509.0,96997.75,103311.421875,97134.6640625,103174.5078125,100571.59375,102151.015625,100030.52734375,102692.08203125
2025-11-15 00:00:00+00:00,95539.0,92024.546875,99967.7734375,92161.4609375,99830.859375,95869.015625,98322.4140625,95327.94921875,98863.48046875
2025-11-16 00:00:00+00:00,94187.0,93199.90625,100223.8515625,93336.8203125,100086.9375,96112.828125,98138.0546875,95571.76171875,98679.12109375
2025-11-17 00:00:00+00:00,92102.0,91681.4375,98572.7265625,91818.3515625,98435.8125,93595.625,95452.7734375,93054.55859375,95993.83984375
2025-11-18 00:00:00+00:00,92911.0,88713.7109375,96530.46875,88850.625,96393.5546875,92576.5390625,94934.9453125,92035.47265625,95476.01171875
2025-11-19 00:00:00+00:00,91474.0,89651.21875,96657.3046875,89788.1328125,96520.390625,93704.0234375,95569.546875,93162.95703125,96110.61328125
2025-11-20 00:00:00+00:00,86527.0,88499.0546875,95570.8125,88635.96875,95433.8984375,92245.0078125,94108.125,91703.94140625,94649.19140625
2025-11-21 00:00:00+00:00,85060.0,81085.4921875,91312.6171875,81222.40625,91175.703125,88262.96875,91336.65625,87721.90234375,91877.72265625
2025-11-22 00:00:00+00:00,84679.0,78269.1875,89013.796875,78406.1015625,88876.8828125,87081.4609375,89458.265625,86540.39453125,89999.33203125
2025-11-23 00:00:00+00:00,86803.0,78325.46875,88373.5234375,78462.3828125,88236.609375,85862.1875,87396.28125,85321.12109375,87937.34765625
2025-11-24 00:00:00+00:00,88277.0,83121.6484375,91036.34375,83258.5625,90899.4296875,87938.3359375,89551.8125,87397.26953125,90092.87890625
2025-11-25 00:00:00+00:00,87331.0,84325.25,91831.8125,84462.1640625,91694.8984375,89119.59375,90823.1796875,88578.52734375,91364.24609375
2025-11-26 00:00:00+00:00,90477.0,83574.3671875,90531.234375,83711.28125,90394.3203125,88144.328125,89455.625,87603.26171875,89996.69140625
2025-11-27 00:00:00+00:00,91325.0,84834.2109375,92374.296875,84971.125,92237.3828125,91149.4140625,92839.34375,90608.34765625,93380.41015625
2025-11-28 00:00:00+00:00,90913.0,85948.96875,93499.78125,86085.8828125,93362.8671875,92223.7109375,93594.3671875,91682.64453125,94135.43359375
2025-11-29 00:00:00+00:00,90832.0,85816.046875,93046.890625,85952.9609375,92909.9765625,91958.3671875,93057.734375,91417.30078125,93598.80078125
2025-11-30 00:00:00+00:00,90382.0,86322.046875,93029.65625,86458.9609375,92892.7421875,91833.640625,93015.890625,91292.57421875,93556.95703125
2025-12-01 00:00:00+00:00,86291.0,85786.734375,92402.28125,85923.6484375,92265.3671875,91223.9609375,92175.0078125,90682.89453125,92716.07421875
2025-12-02 00:00:00+00:00,91300.0,82289.3046875,89558.703125,82426.21875,89421.7890625,87570.1328125,88820.765625,87029.06640625,89361.83203125
2025-12-03 00:00:00+00:00,93472.0,86582.421875,93273.59375,86719.3359375,93136.6796875,92435.6875,94120.578125,91894.62109375,94661.64453125
2025-12-04 00:00:00+00:00,92103.0,89106.265625,96225.859375,89243.1796875,96088.9453125,94470.921875,95760.0546875,93929.85546875,96301.12109375
2025-12-05 00:00:00+00:00,89348.0,88201.7265625,94344.203125,88338.640625,94207.2890625,92815.390625,94064.3671875,92274.32421875,94605.43359375
2025-12-06 00:00:00+00:00,89249.0,86305.3125,92405.0703125,86442.2265625,92268.15625,90361.171875,91183.078125,89820.10546875,91724.14453125
2025-12-07 00:00:00+00:00,90405.0,85964.109375,92132.7890625,86101.0234375,91995.875,90449.109375,91523.484375,89908.04296875,92064.55078125
2025-12-08 00:00:00+00:00,90649.0,86977.890625,92942.765625,87114.8046875,92805.8515625,91391.3125,92640.5078125,90850.24609375,93181.57421875
2025-12-09 00:00:00+00:00,92695.0,87345.765625,92831.78125,87482.6796875,92694.8671875,91478.4453125,92938.9375,90937.37890625,93480.00390625
2025-12-10 00:00:00+00:00,92036.0,89365.015625,94829.03125,89501.9296875,94692.1171875,93747.03125,95143.0078125,93205.96484375,95684.07421875
2025-12-11 00:00:00+00:00,92531.0,88651.359375,93847.71875,88788.2734375,93710.8046875,92736.640625,94286.328125,92195.57421875,94827.39453125
2025-12-12 00:00:00+00:00,90275.0,89180.6171875,94405.71875,89317.53125,94268.8046875,93727.5078125,94875.4375,93186.44140625,95416.50390625
2025-12-13 00:00:00+00:00,90264.0,86660.328125,92330.1328125,86797.2421875,92193.21875,90937.2578125,92394.1328125,90396.19140625,92935.19921875
2025-12-14 00:00:00+00:00,88164.0,86489.4453125,92135.953125,86626.359375,91999.0390625,90572.28125,92507.328125,90031.21484375,93048.39453125
2025-12-15 00:00:00+00:00,86412.0,85239.46875,90955.640625,85376.3828125,90818.7265625,88584.640625,90631.171875,88043.57421875,91172.23828125
2025-12-16 00:00:00+00:00,87843.0,84032.65625,89853.3515625,84169.5703125,89716.4375,87423.984375,89153.7890625,86882.91796875,89694.85546875
2025-12-17 00:00:00+00:00,86215.0,85184.28125,90515.3984375,85321.1953125,90378.484375,89265.640625,90592.34375,88724.57421875,91133.41015625
2025-12-18 00:00:00+00:00,85460.0,83879.953125,89364.625,84016.8671875,89227.7109375,86886.09375,88056.546875,86345.02734375,88597.61328125
2025-12-19 00:00:00+00:00,88095.0,82403.015625,88335.0625,82539.9296875,88198.1484375,86351.375,87361.109375,85810.30859375,87902.17578125
2025-12-20 00:00:00+00:00,88324.0,84391.0234375,90396.046875,84527.9375,90259.1328125,88644.9375,89887.7578125,88103.87109375,90428.82421875
2025-12-21 00:00:00+00:00,88636.0,84806.875,90712.828125,84943.7890625,90575.9140625,88368.6484375,89649.046875,87827.58203125,90190.11328125
2025-12-22 00:00:00+00:00,88539.0,84923.5625,90964.359375,85060.4765625,90827.4453125,88735.3359375,89725.4375,88194.26953125,90266.50390625
2025-12-23 00:00:00+00:00,87423.0,85122.09375,90863.9453125,85259.0078125,90727.03125,88720.3671875,89779.40625,88179.30078125,90320.47265625
2025-12-24 00:00:00+00:00,87605.0,84040.5390625,89481.296875,84177.453125,89344.3828125,87745.859375,88757.703125,87204.79296875,89298.76953125
2025-12-25 00:00:00+00:00,87172.0,84274.6875,89278.171875,84411.6015625,89141.2578125,87613.3515625,88773.578125,87072.28515625,89314.64453125
2025-12-26 00:00:00+00:00,87296.0,83980.546875,88987.296875,84117.4609375,88850.3828125,87196.875,88673.3203125,86655.80859375,89214.38671875
2025-12-27 00:00:00+00:00,87810.0,84149.9453125,88905.9296875,84286.859375,88769.015625,87091.3515625,88586.2734375,86550.28515625,89127.33984375
2025-12-28 00:00:00+00:00,87870.0,85045.140625,89402.296875,85182.0546875,89265.3828125,87328.046875,88641.453125,86786.98046875,89182.51953125
2025-12-29 00:00:00+00:00,87119.0,85064.0078125,89115.671875,85200.921875,88978.7578125,87619.0625,88731.96875,87077.99609375,89273.03515625
2025-12-30 00:00:00+00:00,88390.0,84664.3671875,88426.3828125,84801.28125,88289.46875,86651.625,87980.0,86110.55859375,88521.06640625
2025-12-31 00:00:00+00:00,87496.0,85503.09375,89441.375,85640.0078125,89304.4609375,88219.546875,89490.578125,87678.48046875,90031.64453125
2026-01-01 00:00:00+00:00,88728.0,85131.8359375,88906.84375,85268.75,88769.9296875,87212.5078125,88421.8515625,86671.44140625,88962.91796875
2026-01-02 00:00:00+00:00,89952.0,85917.140625,89816.3203125,86054.0546875,89679.40625,88459.0703125,89578.6328125,87918.00390625,90119.69921875
2026-01-03 00:00:00+00:00,90590.0,86944.421875,91688.3984375,87081.3359375,91551.484375,89783.515625,91074.9765625,89242.44921875,91616.04296875
2026-01-04 00:00:00+00:00,91501.0,87089.390625,91608.234375,87226.3046875,91471.3203125,90577.46875,91834.8046875,90036.40234375,92375.87109375
2026-01-05 00:00:00+00:00,93876.0,87835.5,92601.671875,87972.4140625,92464.7578125,91505.359375,92947.1875,90964.29296875,93488.25390625
2026-01-06 00:00:00+00:00,93712.0,90353.296875,96238.4375,90490.2109375,96101.5234375,93801.1015625,95200.3984375,93260.03515625,95741.46484375
2026-01-07 00:00:00+00:00,91273.0,90470.6171875,96489.96875,90607.53125,96353.0546875,93792.203125,95237.6015625,93251.13671875,95778.66796875
2026-01-08 00:00:00+00:00,91031.0,88452.5703125,93116.21875,88589.484375,92979.3046875,91161.9453125,93266.296875,90620.87890625,93807.36328125
2026-01-09 00:00:00+00:00,90510.0,88519.1796875,92775.4296875,88656.09375,92638.515625,91262.7890625,93011.5390625,90721.72265625,93552.60546875
2026-01-10 00:00:00+00:00,90382.0,88121.5234375,91991.375,88258.4375,91854.4609375,90785.828125,92527.125,90244.76171875,93068.19140625
2026-01-11 00:00:00+00:00,90872.0,87887.71875,91791.359375,88024.6328125,91654.4453125,90388.0625,91822.3125,89846.99609375,92363.37890625
2026-01-12 00:00:00+00:00,91195.0,88409.8828125,92287.796875,88546.796875,92150.8828125,90934.203125,92104.71875,90393.13671875,92645.78515625
2026-01-13 00:00:00+00:00,95366.0,88849.3515625,92605.921875,88986.265625,92469.0078125,90998.4765625,92304.140625,90457.41015625,92845.20703125
2026-01-14 00:00:00+00:00,96942.0,92289.515625,97457.6640625,92426.4296875,97320.75,94816.109375,96282.0,94275.04296875,96823.06640625
2026-01-15 00:00:00+00:00,95577.0,92183.9296875,99500.5078125,92320.84375,99363.59375,96705.6015625,98452.953125,96164.53515625,98994.01953125
2026-01-16 00:00:00+00:00,95521.0,92219.1875,97350.0234375,92356.1015625,97213.109375,95693.5859375,97140.125,95152.51953125,97681.19140625
2026-01-17 00:00:00+00:00,95113.0,92343.890625,97322.4765625,92480.8046875,97185.5625,95832.1875,97209.8671875,95291.12109375,97750.93359375
2026-01-18 00:00:00+00:00,93636.0,92161.578125,96924.109375,92298.4921875,96787.1953125,95706.9609375,96798.4609375,95165.89453125,97339.52734375
2026-01-19 00:00:00+00:00,92560.0,91261.2890625,96174.15625,91398.203125,96037.2421875,94396.796875,95832.3046875,93855.73046875,96373.37109375
2026-01-20 00:00:00+00:00,88316.0,90324.9375,95056.7265625,90461.8515625,94919.8125,93283.3359375,94830.6484375,92742.26953125,95371.71484375
2026-01-21 00:00:00+00:00,89374.0,85310.9375,90671.953125,85447.8515625,90535.0390625,88284.3828125,90358.1796875,87743.31640625,90899.24609375
2026-01-22 00:00:00+00:00,89464.0,86452.796875,91519.2578125,86589.7109375,91382.34375,90146.9453125,91803.96875,89605.87890625,92345.03515625
2026-01-23 00:00:00+00:00,89493.0,86960.0,92092.4765625,87096.9140625,91955.5625,89578.4609375,91277.015625,89037.39453125,91818.08203125
2026-01-24 00:00:00+00:00,89089.0,86910.4140625,91889.109375,87047.328125,91752.1953125,90429.296875,91838.7734375,89888.23046875,92379.83984375
2026-01-25 00:00:00+00:00,86567.0,86802.2734375,91560.3671875,86939.1875,91423.453125,90130.3515625,91143.765625,89589.28515625,91684.83203125
2026-01-26 00:00:00+00:00,88247.0,84823.53125,89853.8203125,84960.4453125,89716.90625,86988.4140625,88221.9375,86447.34765625,88763.00390625
2026-01-27 00:00:00+00:00,89135.0,86070.6796875,90657.6171875,86207.59375,90520.703125,89006.046875,90065.25,88464.98046875,90606.31640625
2026-01-28 00:00:00+00:00,89168.0,86925.796875,91447.65625,87062.7109375,91310.7421875,89604.6953125,90529.5703125,89063.62890625,91070.63671875
2026-01-29 00:00:00+00:00,84530.0,86827.6875,91248.3671875,86964.6015625,91111.453125,89166.9296875,90239.15625,88625.86328125,90780.22265625
2026-01-30 00:00:00+00:00,84130.0,82663.0,88276.953125,82799.9140625,88140.0390625,84954.7890625,86355.953125,84413.72265625,86897.01953125
2026-01-31 00:00:00+00:00,78635.0,81904.5625,87517.2265625,82041.4765625,87380.3125,85039.453125,86030.046875,84498.38671875,86571.11328125
2026-02-01 00:00:00+00:00,76888.0,76024.4375,83222.1484375,76161.3515625,83085.234375,79466.515625,81551.4375,78925.44921875,82092.50390625
2026-02-02 00:00:00+00:00,78666.0,73424.578125,80895.4453125,73561.4921875,80758.53125,78824.109375,80412.71875,78283.04296875,80953.78515625
2026-02-03 00:00:00+00:00,75662.0,76561.578125,83031.2265625,76698.4921875,82894.3125,80675.6796875,82054.7421875,80134.61328125,82595.80859375
2026-02-04 00:00:00+00:00,73000.0,73118.2265625,80076.796875,73255.140625,79939.8828125,77060.015625,78768.1171875,76518.94921875,79309.18359375
2026-02-05 00:00:00+00:00,62795.0,70006.0234375,77828.3828125,70142.9375,77691.46875,74118.1484375,75796.7421875,73577.08203125,76337.80859375
2026-02-06 00:00:00+00:00,70531.0,57955.109375,69853.0390625,58092.0234375,69716.125,64567.53125,66650.90625,64026.46484375,67191.97265625
2026-02-07 00:00:00+00:00,69246.0,67461.3828125,76681.8359375,67598.296875,76544.921875,73957.5,75541.078125,73416.43359375,76082.14453125
2026-02-08 00:00:00+00:00,70283.0,66358.796875,75573.5234375,66495.7109375,75436.609375,70331.84375,72843.5390625,69790.77734375,73384.60546875
2026-02-09 00:00:00+00:00,70094.0,67323.3046875,75873.265625,67460.21875,75736.3515625,71895.921875,73522.734375,71354.85546875,74063.80078125
2026-02-10 00:00:00+00:00,68802.0,66252.59375,74135.59375,66389.5078125,73998.6796875,70764.234375,72890.71875,70223.16796875,73431.78515625
2026-02-11 00:00:00+00:00,67053.0,64971.09375,72451.65625,65108.0078125,72314.7421875,69637.2734375,71287.1484375,69096.20703125,71828.21484375
2026-02-12 00:00:00+00:00,66207.0,62132.65625,70186.6796875,62269.5703125,70049.765625,67362.3046875,69267.140625,66821.23828125,69808.20703125
2026-02-13 00:00:00+00:00,68812.0,60138.70703125,68717.375,60275.62109375,68580.4609375,66797.109375,68567.265625,66256.04296875,69108.33203125
2026-02-14 00:00:00+00:00,69791.0,63985.1171875,71394.2421875,64122.03125,71257.328125,69898.3125,71686.890625,69357.24609375,72227.95703125
2026-02-15 00:00:00+00:00,68792.0,65277.4296875,72769.5078125,65414.34375,72632.59375,71216.859375,72947.65625,70675.79296875,73488.72265625
2026-02-16 00:00:00+00:00,68867.0,64855.2109375,71761.7109375,64992.125,71624.796875,69848.5234375,71629.796875,69307.45703125,72170.86328125
2026-02-17 00:00:00+00:00,67468.0,65190.96484375,71836.1015625,65327.87890625,71699.1875,70360.3984375,71782.0859375,69819.33203125,72323.15234375
2026-02-18 00:00:00+00:00,66425.0,63776.57421875,70540.3125,63913.48828125,70403.3984375,68120.4921875,69775.5078125,67579.42578125,70316.57421875
2026-02-19 00:00:00+00:00,66973.0,62707.984375,69430.15625,62844.8984375,69293.2421875,66955.265625,68338.2578125,66414.19921875,68879.32421875
2026-02-20 00:00:00+00:00,67992.0,62828.6484375,69374.0078125,62965.5625,69237.09375,68124.2109375,70042.4609375,67583.14453125,70583.52734375
2026-02-21 00:00:00+00:00,67966.0,63951.54296875,69894.7578125,64088.45703125,69757.84375,69224.2109375,70831.46875,68683.14453125,71372.53515625
2026-02-22 00:00:00+00:00,67612.0,63411.9921875,69374.59375,63548.90625,69237.6796875,68861.1640625,70094.140625,68320.09765625,70635.20703125
2026-02-23 00:00:00+00:00,64630.0,63391.61328125,68728.765625,63528.52734375,68591.8515625,68311.5,69120.0234375,67770.43359375,69661.08984375
2026-02-24 00:00:00+00:00,64059.0,60469.0703125,66517.6875,60605.984375,66380.7734375,65553.5703125,66657.3359375,65012.50390625,67198.40234375
2026-02-25 00:00:00+00:00,67994.0,60347.625,66466.109375,60484.5390625,66329.1953125,65692.34375,66726.671875,65151.27734375,67267.73828125
2026-02-26 00:00:00+00:00,67488.0,63947.546875,70058.6953125,64084.4609375,69921.78125,68822.234375,69992.953125,68281.16796875,70534.01953125
2026-02-27 00:00:00+00:00,65868.0,64419.70703125,70029.609375,64556.62109375,69892.6953125,68007.2890625,69347.2890625,67466.22265625,69888.35546875
2026-02-28 00:00:00+00:00,66985.0,63282.94921875,68145.2265625,63419.86328125,68008.3125,66711.0546875,68233.515625,66169.98828125,68774.58203125
2026-03-01 00:00:00+00:00,65771.0,64092.125,69123.125,64229.0390625,68986.2109375,67756.109375,69039.921875,67215.04296875,69580.98828125
2026-03-02 00:00:00+00:00,68821.0,63068.71875,67969.328125,63205.6328125,67832.4140625,66912.03125,67815.9921875,66370.96484375,68357.05859375
2026-03-03 00:00:00+00:00,68336.0,65339.3203125,71111.671875,65476.234375,70974.7578125,69802.234375,70731.6328125,69261.16796875,71272.69921875
2026-03-04 00:00:00+00:00,72691.0,65328.10546875,70739.484375,65465.01953125,70602.5703125,69113.359375,69929.109375,68572.29296875,70470.17578125
2026-03-05 00:00:00+00:00,70896.0,68896.5,74811.8046875,69033.4140625,74674.890625,73486.515625,74293.53125,72945.44921875,74834.59765625
2026-03-06 00:00:00+00:00,68114.0,68101.875,73314.515625,68238.7890625,73177.6015625,71746.7890625,72512.0390625,71205.72265625,73053.10546875
2026-03-07 00:00:00+00:00,67269.0,65440.23828125,70539.78125,65577.15234375,70402.8671875,69122.2265625,70314.0625,68581.16015625,70855.12890625
2026-03-08 00:00:00+00:00,65975.0,65171.6875,69930.515625,65308.6015625,69793.6015625,68452.4375,69529.2890625,67911.37109375,70070.35546875
2026-03-09 00:00:00+00:00,68453.0,63351.11328125,68636.296875,63488.02734375,68499.3828125,67191.84375,67973.421875,66650.77734375,68514.48828125
2026-03-10 00:00:00+00:00,69963.0,65749.4140625,70947.9140625,65886.328125,70811.0,69112.921875,70010.7421875,68571.85546875,70551.80859375
2026-03-11 00:00:00+00:00,70196.0,67124.859375,71985.8671875,67261.7734375,71848.953125,70518.578125,71338.546875,69977.51171875,71879.61328125
2026-03-12 00:00:00+00:00,70529.0,67802.828125,73057.1328125,67939.7421875,72920.21875,71400.96875,71815.265625,70859.90234375,72356.33203125
2026-03-13 00:00:00+00:00,70949.0,68595.5859375,73821.3125,68732.5,73684.3984375,71853.578125,72553.34375,71312.51171875,73094.41015625
2026-03-14 00:00:00+00:00,71218.0,68789.015625,73971.8671875,68925.9296875,73834.953125,72159.6953125,72975.6640625,71618.62890625,73516.73046875
2026-03-15 00:00:00+00:00,72831.0,69585.2265625,74483.75,69722.140625,74346.8359375,71984.6796875,73122.140625,71443.61328125,73663.20703125
2026-03-16 00:00:00+00:00,74876.0,70969.515625,75917.578125,71106.4296875,75780.6640625,73583.28125,74765.734375,73042.21484375,75306.80078125
2026-03-17 00:00:00+00:00,73928.0,73204.9921875,78191.75,73341.90625,78054.8359375,75202.0625,76095.609375,74660.99609375,76636.67578125
2026-03-18 00:00:00+00:00,71259.0,72433.5625,76906.71875,72570.4765625,76769.8046875,74047.515625,75060.34375,73506.44921875,75601.41015625
2026-03-19 00:00:00+00:00,69921.0,69270.953125,74142.2109375,69407.8671875,74005.296875,72054.59375,73123.734375,71513.52734375,73664.80078125
2026-03-20 00:00:00+00:00,70502.0,67925.09375,72659.4921875,68062.0078125,72522.578125,70859.0078125,72001.046875,70317.94140625,72542.11328125
2026-03-21 00:00:00+00:00,68910.0,68533.3671875,73403.6484375,68670.28125,73266.734375,71567.203125,72612.2578125,71026.13671875,73153.32421875
2026-03-22 00:00:00+00:00,67860.0,67633.4375,72126.25,67770.3515625,71989.3359375,69935.1796875,70984.7890625,69394.11328125,71525.85546875
2026-03-23 00:00:00+00:00,70883.0,66409.921875,70956.2734375,66546.8359375,70819.359375,68456.8984375,69441.4765625,67915.83203125,69982.54296875
2026-03-24 00:00:00+00:00,70519.0,69200.265625,74176.828125,69337.1796875,74039.9140625,70900.65625,72235.2734375,70359.58984375,72776.33984375
2026-03-25 00:00:00+00:00,71301.0,69403.859375,73974.9921875,69540.7734375,73838.078125,70681.3125,71851.875,70140.24609375,72392.94140625
2026-03-26 00:00:00+00:00,68779.0,70205.2578125,74912.2890625,70342.171875,74775.375,71920.1875,73079.4375,71379.12109375,73620.50390625
2026-03-27 00:00:00+00:00,66359.0,67009.8125,72158.6015625,67146.7265625,72021.6875,69844.7421875,71458.0,69303.67578125,71999.06640625
2026-03-28 00:00:00+00:00,66321.0,63784.2890625,69587.296875,63921.203125,69450.3828125,67805.1015625,69807.328125,67264.03515625,70348.39453125
2026-03-29 00:00:00+00:00,65954.0,63591.2734375,69402.609375,63728.1875,69265.6953125,66770.140625,68775.78125,66229.07421875,69316.84765625
2026-03-30 00:00:00+00:00,66731.0,63345.9765625,68693.7578125,63482.890625,68556.84375,66166.9375,68349.75,65625.87109375,68890.81640625
2026-03-31 00:00:00+00:00,68215.0,64434.859375,69289.5078125,64571.7734375,69152.59375,66469.8125,68544.6171875,65928.74609375,69085.68359375
2026-04-01 00:00:00+00:00,68102.0,65370.68359375,70478.9453125,65507.59765625,70342.03125,68174.9296875,69786.375,67633.86328125,70327.44140625
2026-04-02 00:00:00+00:00,66890.0,65502.203125,70257.90625,65639.1171875,70120.9921875,68094.6875,69367.6953125,67553.62109375,69908.76171875
2026-04-03 00:00:00+00:00,66944.0,64918.1875,69362.703125,65055.1015625,69225.7890625,67720.4453125,68962.953125,67179.37890625,69504.01953125
2026-04-04 00:00:00+00:00,67290.0,64554.44921875,69012.75,64691.36328125,68875.8359375,67136.46875,68766.546875,66595.40234375,69307.61328125
2026-04-05 00:00:00+00:00,68999.0,64623.21484375,68855.9296875,64760.12890625,68719.015625,67107.8203125,68616.28125,66566.75390625,69157.34765625
2026-04-06 00:00:00+00:00,68857.0,65502.5234375,70090.9765625,65639.4375,69954.0625,68763.390625,70275.9140625,68222.32421875,70816.98046875
2026-04-07 00:00:00+00:00,71940.0,65926.5,70494.5546875,66063.4140625,70357.640625,68418.828125,70024.328125,67877.76171875,70565.39453125
2026-04-08 00:00:00+00:00,71110.0,68286.890625,75132.1171875,68423.8046875,74995.203125,71011.515625,73057.265625,70470.44921875,73598.33203125
2026-04-09 00:00:00+00:00,71812.0,68011.5859375,74287.2421875,68148.5,74150.328125,70839.3359375,72516.3828125,70298.26953125,73057.44921875
2026-04-10 00:00:00+00:00,72980.0,68376.8515625,73866.1328125,68513.765625,73729.21875,71574.15625,73020.546875,71033.08984375,73561.61328125
2026-04-11 00:00:00+00:00,73071.0,69477.859375,75204.140625,69614.7734375,75067.2265625,72633.0546875,73969.1015625,72091.98828125,74510.16796875
2026-04-12 00:00:00+00:00,70746.0,69478.0625,75614.875,69614.9765625,75477.9609375,72633.5390625,74049.484375,72092.47265625,74590.55078125
2026-04-13 00:00:00+00:00,74447.0,67721.2265625,73436.546875,67858.140625,73299.6328125,70697.9921875,72195.0625,70156.92578125,72736.12890625
2026-04-14 00:00:00+00:00,74184.0,70827.84375,78205.9140625,70964.7578125,78069.0,73751.484375,75338.1796875,73210.41796875,75879.24609375
2026-04-15 00:00:00+00:00,74818.0,71171.328125,77559.0703125,71308.2421875,77422.15625,74039.421875,75394.7734375,73498.35546875,75935.83984375
2026-04-16 00:00:00+00:00,75178.0,71896.875,78209.5390625,72033.7890625,78072.625,74666.1484375,75835.7890625,74125.08203125,76376.85546875
2026-04-17 00:00:00+00:00,77108.0,72290.046875,78431.7734375,72426.9609375,78294.859375,74996.4921875,76049.6484375,74455.42578125,76590.71484375
2026-04-18 00:00:00+00:00,75737.0,73923.203125,80614.5390625,74060.1171875,80477.625,76595.28125,77660.0390625,76054.21484375,78201.10546875
2026-04-19 00:00:00+00:00,73825.0,73444.65625,78939.75,73581.5703125,78802.8359375,76012.359375,77275.96875,75471.29296875,77817.03515625
2026-04-20 00:00:00+00:00,75870.0,71274.4765625,77873.4375,71411.390625,77736.5234375,74189.2265625,75994.0390625,73648.16015625,76535.10546875
2026-04-21 00:00:00+00:00,76345.0,73120.59375,78740.1171875,73257.5078125,78603.203125,75640.9296875,77220.234375,75099.86328125,77761.30078125
2026-04-22 00:00:00+00:00,78208.0,73194.4140625,78950.9765625,73331.328125,78814.0625,76106.25,77357.6015625,75565.18359375,77898.66796875
2026-04-23 00:00:00+00:00,78269.0,74688.8671875,80974.6484375,74825.78125,80837.734375,77412.328125,78730.1171875,76871.26171875,79271.18359375
2026-04-24 00:00:00+00:00,77466.0,75075.2890625,80401.3359375,75212.203125,80264.421875,77755.7734375,79112.609375,77214.70703125,79653.67578125
2026-04-25 00:00:00+00:00,77639.0,74585.9140625,80708.7265625,74722.828125,80571.8125,77316.6015625,78696.75,76775.53515625,79237.81640625
2026-04-26 00:00:00+00:00,78660.0,75304.7265625,80549.7890625,75441.640625,80412.875,77503.7265625,78835.1796875,76962.66015625,79376.24609375
2026-04-27 00:00:00+00:00,77373.0,76570.7578125,81510.9296875,76707.671875,81374.015625,78716.2421875,80201.8671875,78175.17578125,80742.93359375
2026-04-28 00:00:00+00:00,76323.0,74736.59375,80079.609375,74873.5078125,79942.6953125,77888.6015625,79448.3984375,77347.53515625,79989.46484375
2026-04-29 00:00:00+00:00,75745.0,73888.578125,79076.03125,74025.4921875,78939.1171875,77023.8046875,78616.1484375,76482.73828125,79157.21484375
2026-04-30 00:00:00+00:00,76310.0,73157.8515625,78384.0390625,73294.765625,78247.125,75955.96875,77719.03125,75414.90234375,78260.09765625
2026-05-01 00:00:00+00:00,78232.0,73594.40625,78442.84375,73731.3203125,78305.9296875,76370.4453125,77962.1171875,75829.37890625,78503.18359375
2026-05-02 00:00:00+00:00,78690.0,75511.234375,80367.5078125,75648.1484375,80230.59375,78022.4765625,79333.640625,77481.41015625,79874.70703125
2026-05-03 00:00:00+00:00,78565.0,76196.125,80879.9453125,76333.0390625,80743.03125,78467.2890625,80053.609375,77926.22265625,80594.67578125
2026-05-04 00:00:00+00:00,79844.0,75819.5234375,80521.65625,75956.4375,80384.7421875,78456.5390625,79937.546875,77915.47265625,80478.61328125
2026-05-05 00:00:00+00:00,80913.0,77824.640625,82456.046875,77961.5546875,82319.1328125,79460.0078125,81187.1875,78918.94140625,81728.25390625
2026-05-06 00:00:00+00:00,81447.0,78956.671875,83877.3125,79093.5859375,83740.3984375,80876.6640625,82081.8125,80335.59765625,82622.87890625
2026-05-07 00:00:00+00:00,80017.0,80157.046875,84686.7578125,80293.9609375,84549.84375,81656.2265625,82694.875,81115.16015625,83235.94140625
2026-05-08 00:00:00+00:00,80199.0,78840.5703125,83274.3828125,78977.484375,83137.46875,80530.7578125,81657.6796875,79989.69140625,82198.74609375
2026-05-09 00:00:00+00:00,80665.0,79012.1328125,83643.796875,79149.046875,83506.8828125,80561.21875,81591.9921875,80020.15234375,82133.05859375
2026-05-10 00:00:00+00:00,82193.0,79221.4453125,83676.6875,79358.359375,83539.7734375,80914.484375,81979.484375,80373.41796875,82520.55078125
2026-05-11 00:00:00+00:00,81736.0,80676.09375,85138.7109375,80813.0078125,85001.796875,82212.71875,83585.2734375,81671.65234375,84126.33984375
2026-05-12 00:00:00+00:00,80491.0,80802.25,84740.78125,80939.1640625,84603.8671875,81753.0390625,83224.3203125,81211.97265625,83765.38671875
2026-05-13 00:00:00+00:00,79284.0,79320.0625,83296.7890625,79456.9765625,83159.875,80899.765625,82256.6171875,80358.69921875,82797.68359375
2026-05-14 00:00:00+00:00,81075.0,77815.8125,82082.5625,77952.7265625,81945.6484375,80091.7578125,81371.9765625,79550.69140625,81913.04296875
2026-05-15 00:00:00+00:00,79062.0,79413.5078125,83576.578125,79550.421875,83439.6640625,81772.8359375,82964.5,81231.76953125,83505.56640625
2026-05-16 00:00:00+00:00,78118.0,77553.0078125,81822.21875,77689.921875,81685.3046875,79985.75,81322.90625,79444.68359375,81863.97265625
2026-05-17 00:00:00+00:00,77412.0,76755.3125,80918.8515625,76892.2265625,80781.9375,78570.46875,80122.640625,78029.40234375,80663.70703125
2026-05-18 00:00:00+00:00,76949.0,76188.6875,80360.28125,76325.6015625,80223.3671875,77789.0,79212.0625,77247.93359375,79753.12890625
2026-05-19 00:00:00+00:00,76757.0,75659.25,79757.90625,75796.1640625,79620.9921875,77154.2421875,78510.09375,76613.17578125,79051.16015625
2026-05-20 00:00:00+00:00,77470.5,75318.6484375,79286.734375,75455.5625,79149.8203125,77080.109375,78180.7109375,76539.04296875,78721.77734375
2026-05-21 00:00:00+00:00,77554.0,75855.8203125,79827.5859375,75992.734375,79690.671875,77810.9609375,78751.03125,77269.89453125,79292.09765625
2026-05-22 00:00:00+00:00,75451.01,76053.6953125,80049.6484375,76190.609375,79912.734375,77739.234375,78597.6796875,77198.16796875,79138.74609375
2026-05-23 00:00:00+00:00,76655.99,73889.28125,77997.0625,74026.1953125,77860.1484375,75861.9609375,77196.484375,75320.89453125,77737.55078125
2026-05-24 00:00:00+00:00,76974.88,74955.28125,78849.859375,75092.1953125,78712.9453125,76768.6875,77853.40625,76227.62109375,78394.47265625
2026-05-25 00:00:00+00:00,77254.92,75236.484375,79192.734375,75373.3984375,79055.8203125,77152.1640625,78139.609375,76611.09765625,78680.67578125
2026-05-26 00:00:00+00:00,75820.94,75502.1640625,79170.7265625,75639.078125,79033.8125,77295.921875,78198.515625,76754.85546875,78739.58203125
2026-05-27 00:00:00+00:00,74330.48,74190.734375,78143.359375,74327.6484375,78006.4453125,76234.3671875,77299.3828125,75693.30078125,77840.44921875
2026-05-28 00:00:00+00:00,73519.16,72642.6640625,76648.8046875,72779.578125,76511.890625,75205.71875,76511.7265625,74664.65234375,77052.79296875
2026-05-29 00:00:00+00:00,73373.29,71597.3984375,75523.4609375,71734.3125,75386.546875,74097.40625,75553.7890625,73556.33984375,76094.85546875
2026-05-30 00:00:00+00:00,73762.15,71326.0625,75326.703125,71462.9765625,75189.7890625,73587.7265625,74951.8515625,73046.66015625,75492.91796875
2026-05-31 00:00:00+00:00,73567.99,71998.421875,75995.15625,72135.3359375,75858.2421875,73542.5390625,75006.796875,73001.47265625,75547.86328125
2026-06-01 00:00:00+00:00,71313.86,71825.1328125,75589.015625,71962.046875,75452.1015625,73389.515625,74774.890625,72848.44921875,75315.95703125
2026-06-02 00:00:00+00:00,66668.6,69350.46875,73598.1015625,69487.3828125,73461.1875,71770.328125,73131.75,71229.26171875,73672.81640625
2026-06-03 00:00:00+00:00,64045.64,63689.515625,69391.5234375,63826.4296875,69254.609375,67509.09375,69900.28125,66968.02734375,70441.34765625
2026-06-04 00:00:00+00:00,63814.8,59925.1796875,66209.8125,60062.09375,66072.8984375,64884.26953125,67354.7734375,64343.203125,67895.83984375
2026-06-05 00:00:00+00:00,61042.14,60259.078125,66251.96875,60395.9921875,66115.0546875,64559.8046875,66706.875,64018.73828125,67247.94140625
2026-06-06 00:00:00+00:00,60858.64,57082.9375,63842.7265625,57219.8515625,63705.8125,61265.2421875,63217.26953125,60724.17578125,63758.3359375
2026-06-07 00:00:00+00:00,63315.72,57564.26171875,63295.2421875,57701.17578125,63158.328125,60695.44921875,62569.7109375,60154.3828125,63110.77734375
2026-06-08 00:00:00+00:00,63061.78,60356.92578125,65171.73828125,60493.83984375,65034.82421875,63619.3203125,65616.3046875,63078.25390625,66157.37109375
2026-06-09 00:00:00+00:00,61685.44,60050.73046875,64450.1640625,60187.64453125,64313.25,62723.125,64128.14453125,62182.05859375,64669.2109375
2026-06-10 00:00:00+00:00,61456.49,59392.28125,63214.7734375,59529.1953125,63077.859375,61691.15625,63042.7421875,61150.08984375,63583.80859375
2026-06-11 00:00:00+00:00,63558.21,59256.50390625,62797.49609375,59393.41796875,62660.58203125,61566.65625,62659.44921875,61025.58984375,63200.515625
2026-06-12 00:00:00+00:00,63531.04,60890.265625,64508.76953125,61027.1796875,64371.85546875,63713.51171875,64970.46484375,63172.4453125,65511.53125
2026-06-13 00:00:00+00:00,64440.0,61503.6484375,65016.7578125,61640.5625,64879.84375,63688.59375,64837.8203125,63147.52734375,65378.88671875
2026-06-14 00:00:00+00:00,65712.5,62112.8046875,65673.984375,62249.71875,65537.0703125,64554.12890625,65713.296875,64013.0625,66254.36328125
2026-06-15 00:00:00+00:00,66282.05,63343.953125,66948.4765625,63480.8671875,66811.5625,65795.9765625,66894.90625,65254.91015625,67435.97265625
2026-06-16 00:00:00+00:00,65612.86,64220.4765625,67794.8515625,64357.390625,67657.9375,66359.171875,67338.96875,65818.10546875,67880.03515625
2026-06-17 00:00:00+00:00,64443.27,63742.76171875,67048.3984375,63879.67578125,66911.484375,65816.578125,66686.75,65275.51171875,67227.81640625
2026-06-18 00:00:00+00:00,62889.92,62926.5078125,66461.6953125,63063.421875,66324.78125,64811.83984375,65869.875,64270.7734375,66410.94140625
2026-06-19 00:00:00+00:00,63487.34,61341.12890625,65072.8828125,61478.04296875,64935.96875,63524.86328125,64485.6015625,62983.796875,65026.66796875
2026-06-20 00:00:00+00:00,64245.72,61842.9375,65353.19140625,61979.8515625,65216.27734375,64007.1328125,65176.6875,63466.06640625,65717.75390625
2026-06-21 00:00:00+00:00,63237.18,62318.59375,65744.4609375,62455.5078125,65607.546875,64592.79296875,65386.8828125,64051.7265625,65927.94921875
2026-06-22 00:00:00+00:00,63948.96,61440.625,65000.23828125,61577.5390625,64863.32421875,63595.2734375,64343.0625,63054.20703125,64884.12890625
2026-06-23 00:00:00+00:00,62651.43,62005.921875,65551.859375,62142.8359375,65414.9453125,64191.96875,65136.0859375,63650.90234375,65677.15234375
2026-06-24 00:00:00+00:00,60987.0,60967.32421875,64513.76953125,61104.23828125,64376.85546875,63232.95703125,63999.9375,62691.890625,64541.00390625
2026-06-25 00:00:00+00:00,59696.26,59636.03515625,63492.5703125,59772.94921875,63355.65625,61951.76953125,62843.28125,61410.703125,63384.34765625
2026-06-26 00:00:00+00:00,60019.38,58245.66796875,62590.796875,58382.58203125,62453.8828125,60430.59375,61333.24609375,59889.52734375,61874.3125
2026-06-27 00:00:00+00:00,59940.07,58688.72265625,62536.890625,58825.63671875,62399.9765625,60574.734375,61689.0234375,60033.66796875,62230.08984375
2026-06-28 00:00:00+00:00,59473.29,58802.3515625,62525.359375,58939.265625,62388.4453125,60015.90625,60933.1171875,59474.83984375,61474.18359375
2026-06-29 00:00:00+00:00,60163.86,58502.16015625,62043.7109375,58639.07421875,61906.796875,59588.50390625,60459.66015625,59047.4375,61000.7265625
2026-06-30 00:00:00+00:00,58526.17,58743.41796875,62398.125,58880.33203125,62261.2109375,60236.6796875,61152.5,59695.61328125,61693.56640625
2026-07-01 00:00:00+00:00,59963.46,56958.125,61028.3828125,57095.0390625,60891.46875,58978.671875,59927.4296875,58437.60546875,60468.49609375
2026-07-02 00:00:00+00:00,61479.1,58002.421875,61937.625,58139.3359375,61800.7109375,60496.86328125,61307.0703125,59955.796875,61848.13671875
2026-07-03 00:00:00+00:00,62522.46,59312.2265625,63229.4609375,59449.140625,63092.546875,62021.9609375,62808.48046875,61480.89453125,63349.546875
2026-07-04 00:00:00+00:00,63086.18,60512.234375,64139.56640625,60649.1484375,64002.65234375,63164.81640625,64041.890625,62623.75,64582.95703125
2026-07-05 00:00:00+00:00,63587.06,61226.3828125,64778.859375,61363.296875,64641.9453125,63562.66796875,64542.578125,63021.6015625,65083.64453125
2026-07-06 00:00:00+00:00,64000.1,61764.6015625,65250.4453125,61901.515625,65113.53125,64085.203125,65102.6640625,63544.13671875,65643.73046875
2026-07-07 00:00:00+00:00,63902.77,62161.65625,65741.3203125,62298.5703125,65604.40625,64387.6953125,65438.71484375,63846.62890625,65979.78125
